CUST_ID,CREDIT_CARD_NUMBER,PURCHASES,INSTALLMENTS_PURCHASES,CASH_ADVANCE,PAYMENTS,TENURE,DATE_OF_TXN
C10001,8040-1365-7324-2885,2091.12,1610.41,198.47,7794.81,30,2025-01-01
C10002,8615-8275-6358-8745,3942.83,638.87,891.86,3652.43,19,2023-07-04
C10003,1458-9722-4730-9061,2475.87,410.58,2122.15,16748.92,25,2023-08-17
C10004,1851-0491-6915-4047,4155.38,3373.69,1077.46,5758.49,30,2023-01-23
C10005,7141-0173-0632-9250,699.8,381.05,1914.86,384.29,9,2024-11-18
C10006,2598-1028-1700-3751,1217.14,1059.14,325.68,8085.01,30,2023-05-03
C10007,3739-7140-0914-1803,416.82,390.93,2018.38,5419.35,28,2023-05-18
C10008,7542-6043-8834-9477,2342.83,544.14,41.36,1199.66,10,2023-08-05
C10009,2885-8940-2258-3989,2321.98,609.58,1692.81,3288.55,21,2024-11-04
C10010,1228-5801-4319-6857,3548.81,2581.29,1532.57,143.04,13,2023-05-11
C10011,8622-8050-4702-9784,1060.46,165.61,2066.47,1603.05,33,2024-07-05
C10012,4527-5436-3970-5488,1100.98,46.07,929.53,707.42,27,2023-02-26
C10013,9945-2514-8092-9460,608.73,459.51,2386.39,2079.82,4,2023-10-24
C10014,6606-7722-6553-4040,1351.32,64.67,225.33,7385.8,18,2024-10-10
C10015,8605-8493-0334-0853,2733.06,770.99,126.13,278.48,7,2024-11-20
C10016,5679-5645-1674-3393,4694.97,3472.57,1672.4,6180.68,21,2024-08-10
C10017,2027-9591-4669-9384,2161.61,1726.3,2541.8,1164.87,4,2023-08-31
C10018,3668-1414-1470-4006,2848.55,2014.49,1960.67,17464.86,13,2023-06-07
C10019,2763-4971-1157-8135,2364.05,1055.51,2756.58,11104.18,11,2024-01-03
C10020,6645-2895-7720-8195,1941.29,1927.28,2486.12,3455.77,20,2023-12-17
C10021,6593-9105-6850-6980,447.98,246,2046.9,518.65,16,2024-10-04
C10022,8502-2881-2216-1018,1895.76,965.57,61.81,7306.94,34,2023-11-29
C10023,9268-6172-8434-3156,2342.06,1530.26,584.3,9666.13,1,2024-03-26
C10024,8405-0677-4900-7959,502.11,318.39,690.23,153.39,18,2024-07-28
C10025,3253-7377-0479-2231,544.03,130.05,1871.28,7557.16,5,2024-05-15
C10026,6044-1713-4262-1207,231.67,124.63,1256.67,16230.28,30,2024-04-26
C10027,6167-3001-8093-6354,4033.45,3353.94,565.9,967.34,23,2024-02-14
C10028,3089-5236-5669-6858,645.02,198.56,41.71,236.74,15,2024-12-19
C10029,3157-7126-3071-5308,2170.81,1020.67,2184.41,15790.71,12,2024-09-16
C10030,3819-9359-9882-8198,4784.91,2289.72,2531.45,7748.79,16,2024-04-05
C10031,2302-8688-0147-2734,1725.44,1193.48,2703.34,387.59,10,2024-12-04
C10032,4180-0062-7417-9272,800.87,365.73,1362.32,8739.26,32,2023-03-25
C10033,2371-1300-9802-1193,4238.81,4025.75,1825.22,2876.48,14,2024-11-30
C10034,1573-3177-6582-6977,4261.61,938.01,1400.68,5670.69,6,2024-10-18
C10035,1547-1349-7958-1198,2006.83,1289.68,2550.8,3570.66,5,2024-02-11
C10036,0674-7586-9606-3748,1378.78,1094.02,2133.07,839,26,2023-12-19
C10037,7764-2086-2222-1702,987.2,845.42,641.75,3748.6,7,2023-05-23
C10038,9502-0067-3122-5862,3389.29,1689.86,1150.68,9477.79,22,2023-02-20
C10039,3822-7567-3725-0234,3279.77,768.52,1226.25,153.02,30,2023-04-30
C10040,3912-2553-9094-5220,3882.36,3670.63,2662.89,6078.07,6,2023-10-25
C10041,7294-4076-2564-3260,2925.9,459.54,2584.22,392.91,25,2023-11-01
C10042,1006-0262-3476-9327,179.06,67.4,1124.28,5324.68,2,2024-05-28
C10043,5582-9729-2476-1026,4343.55,964.82,1291.17,1818.57,15,2024-08-20
C10044,6417-3963-9554-6053,2785.04,586.64,867.26,180.28,12,2024-08-16
C10045,3380-0813-6466-7847,4101.7,1736.7,2008.54,11054,28,2024-10-25
C10046,3282-8890-5214-1731,1068.33,802.73,1029.01,2675.2,13,2023-01-08
C10047,8232-0611-7916-6046,2116.55,1915.7,1467.72,2450.78,5,2024-12-09
C10048,8682-0653-2698-7421,1236.21,1216.06,2387.62,2659.78,9,2023-09-30
C10049,1190-7431-7544-9142,3667.76,3010.23,2642.17,5139.27,22,2023-01-14
C10050,0813-1399-7303-5545,2634.92,226.81,2990.37,1494.94,23,2024-08-13
C10051,2753-0398-3100-1696,2493.14,386.03,9.98,207.8,26,2023-03-16
C10052,1214-4569-1985-9343,2047.07,582.89,1737.18,688.21,14,2023-08-10
C10053,6845-6150-9222-9238,4003.76,2595.48,2016.22,4597.8,13,2023-08-21
C10054,2517-4768-2832-8769,1995.51,188.41,2903.36,7897.12,36,2023-04-13
C10055,7811-1777-6104-7660,1820.05,46.26,656.98,6478.87,28,2023-11-16
C10056,6367-9016-6983-8245,483.74,57.08,471.84,1992.95,34,2023-05-09
C10057,2745-9792-9108-6166,4651.87,1159.08,2088.27,712.06,16,2024-06-04
C10058,9299-2619-5477-0701,1110.77,1052.29,102.63,7877.21,31,2023-02-16
C10059,3014-3595-9016-1982,1017.26,265.85,311,14702.52,21,2023-04-28
C10060,7253-1366-3137-7368,4621.46,1399.89,1599.21,9374.61,35,2024-12-25
C10061,2434-3224-1768-8758,4656.06,2646.21,2602.61,12896.75,26,2023-10-31
C10062,7176-1209-2198-8524,3191.74,2026.73,355.53,4095.17,20,2024-04-15
C10063,8168-6290-2018-5076,646.61,214.3,803.96,1721.27,25,2024-06-28
C10064,4156-1307-9223-8680,1797.15,1518.41,1648.78,2081.52,14,2024-08-22
C10065,2276-0182-5347-0572,3009.31,2385.43,970.37,4978.24,10,2023-08-23
C10066,8100-0309-6742-1821,2414.4,1026.07,1518.73,7773.21,29,2023-11-17
C10067,7694-5133-5934-6551,4811.21,4288.26,55.63,13559.18,3,2024-02-28
C10068,3933-0310-0923-1508,3499.78,377.05,170.23,8385.45,32,2024-01-24
C10069,3377-0659-7391-2652,2111.68,1270.27,2072.72,3642.4,35,2023-07-28
C10070,9861-0565-7917-0318,3848.26,654.85,897.31,12280.91,13,2024-07-02
C10071,4603-7655-1417-6040,4344.7,3244.08,2114.08,6514.34,18,2024-04-26
C10072,3354-7118-3920-4445,1376.77,126.11,2871.73,4230.15,27,2024-10-15
C10073,4600-6781-8454-2614,988.52,105.67,2211.82,7531.56,28,2024-01-07
C10074,1717-0359-7639-8007,2077.64,508.1,557.8,5892.85,5,2024-01-23
C10075,8180-0752-8543-1859,1587.02,270.64,575.03,79.08,9,2024-01-08
C10076,2801-7203-0006-5331,4408.08,3778.51,1930.46,14806.06,2,2024-11-08
C10077,7071-6863-5845-0637,2526.59,1490.77,204.62,5772.15,14,2024-10-04
C10078,0821-4142-4744-9677,3433.55,3138.32,588.97,739.85,12,2024-12-15
C10079,8359-5372-9729-6046,2726.66,1476.78,2162.67,2378.13,9,2024-01-21
C10080,0632-4106-7220-6944,1045.42,740.33,2413.59,825.16,14,2023-12-29
C10081,8149-8037-9324-8113,1873.48,1059.36,619.97,2336.64,5,2023-02-13
C10082,3104-0182-6351-0839,412.03,374.57,1111.9,2477.99,15,2024-05-31
C10083,2629-8798-5643-8953,3529.77,842.71,1567.43,868.38,8,2023-02-12
C10084,3764-7300-4402-0040,4079.71,1503.5,2009.46,15014.8,27,2023-12-09
C10085,0313-8531-6725-8736,4950.31,1605.82,2270.99,8499.54,12,2023-10-11
C10086,6009-5815-7522-9715,4544.77,1744.15,482.68,605.13,18,2023-03-13
C10087,3865-1987-2982-8361,1612.99,19.59,176.38,6893.34,13,2024-03-28
C10088,6198-5752-1461-0564,2023.28,1730.88,1250.74,192.23,25,2024-04-10
C10089,6656-0990-5899-2750,2666.61,662.22,305.75,1892.12,12,2023-09-22
C10090,7917-5005-4191-1966,1183.47,724.48,1168.84,2103.45,8,2023-03-15
C10091,9096-0515-7789-7567,4538.53,739.41,573.39,1613.77,10,2023-01-02
C10092,5743-2727-4002-8297,3042.19,1631.43,608.39,11057.35,13,2024-10-30
C10093,0748-4568-4494-0745,1880.13,243,2859.36,12675.07,16,2023-06-18
C10094,8866-0573-7957-8346,1668.53,584.62,1022.01,1794.42,22,2023-09-22
C10095,4859-6600-5640-9322,1166.41,540.73,2370.12,3377.02,26,2024-07-20
C10096,0945-6485-0055-9306,4237.07,2110.22,86,685.07,11,2023-01-13
C10097,0207-0446-4593-0116,4317.93,1852.27,2093.32,1932.5,3,2023-05-14
C10098,2387-5095-2159-7546,814.62,636.88,1153.53,9729.32,5,2024-07-12
C10099,7120-3435-6269-2319,1146.44,428.73,602.62,3493.1,33,2023-10-11
C10100,2134-7159-8196-6562,4314.91,1590.75,1070.3,5140.74,28,2023-06-30
C10101,9096-5234-1967-3937,3125.24,2105.58,2928.28,4466.33,1,2023-01-28
C10102,6282-8614-8038-2458,1221.78,144.19,1964,230,4,2023-06-22
C10103,9164-7375-9191-1699,580.94,424.02,2010.07,17498.25,14,2023-11-10
C10104,2005-6372-2553-6262,4509.78,1333.49,1958.52,3437.51,23,2024-07-14
C10105,6811-8177-3386-6920,2616.88,2345.11,1753.09,2013.92,22,2023-03-23
C10106,0656-5896-9841-2782,2843.63,1359.38,1945.56,485.11,12,2024-03-14
C10107,1951-3763-2055-6820,3785.52,1172.06,1646.72,3315.02,27,2024-03-22
C10108,0463-0551-7511-0396,3268.04,959.72,1503.96,901.27,7,2023-10-08
C10109,7252-6070-7023-3807,2324.96,1411.21,1033.1,2260.21,1,2024-11-09
C10110,9801-2788-4096-1648,2318.79,688.57,2076.65,796.65,14,2023-05-03
C10111,6679-4539-4253-7663,2484.47,2003.24,1639.68,8317.59,16,2023-03-29
C10112,5795-1282-6654-8069,390.31,359.4,678.65,2985.05,32,2024-12-04
C10113,1137-5298-8835-6539,4738.14,3088.6,2194.09,106.86,18,2023-01-28
C10114,8409-7133-4206-7221,2923.76,156.48,1005.71,4785.64,9,2024-10-29
C10115,8248-2764-3722-3321,3231.63,1465.43,2674.54,9801.84,25,2023-07-04
C10116,8310-8805-2970-0413,1353.78,1326.66,1500.04,3742.02,19,2024-12-04
C10117,3625-1774-1087-6550,2130.9,239.1,1147.11,3468.74,2,2024-05-10
C10118,1731-5585-6549-8373,4692.2,3456.84,1978.78,13094.54,8,2023-09-03
C10119,7689-8821-3290-2235,4765.95,4570.2,365.4,6690.13,2,2023-09-18
C10120,3379-4174-5840-5027,543.59,146.71,1362.88,14950.38,29,2023-01-22
C10121,1128-2973-3122-5710,964.99,642.29,2474.11,6906.72,15,2024-06-11
C10122,9301-8099-8703-5087,3082.68,2281.11,1341.03,8028.74,33,2024-03-05
C10123,8601-0427-1261-1715,3128.92,1780.38,2710.06,14840.75,33,2024-12-15
C10124,1385-9006-8507-3759,2810.2,2149.21,1451.88,5546.87,12,2023-10-15
C10125,1475-1618-2063-0885,2658.25,2281.09,2386.97,316.39,36,2024-05-14
C10126,9985-2850-8752-9948,2341.04,794.83,1843.75,588.54,14,2024-03-12
C10127,1261-4886-1563-7568,1485.37,1036.03,37.96,2948.9,35,2024-05-06
C10128,2352-5302-6625-2062,410.38,248.71,1125.59,7618.64,30,2023-01-05
C10129,1775-0383-0016-7160,440.31,322.04,2833.15,6858.53,36,2024-11-17
C10130,8430-6228-5763-4471,1850.97,1782.49,2536.83,7224.5,11,2023-07-03
C10131,2053-7377-7312-2029,2306.36,2180.69,43.18,7317.77,27,2024-12-27
C10132,5208-8528-6241-6884,1253.63,746.41,2116.95,6511.96,34,2024-06-14
C10133,0787-8587-2500-1318,4585.3,1971.35,164.48,463.79,23,2023-06-24
C10134,7551-7205-2037-1815,1961.06,1444.64,226.56,860.17,32,2023-12-04
C10135,5613-9726-3537-3350,4789.01,2152.89,857.17,4117.18,23,2024-12-22
C10136,5720-4311-0391-0524,2138.21,959.15,2435.5,15891.41,5,2024-01-19
C10137,6291-1911-8943-6696,463.4,405.78,2395.95,5702.03,33,2024-08-26
C10138,2094-9220-6745-0083,2709,1897.06,2235.83,1029.44,28,2023-11-29
C10139,3023-8748-4178-6131,1886.58,483.23,1335.12,11549.3,10,2024-08-25
C10140,7634-5223-9260-6946,3756.76,341.93,347.25,627.73,25,2024-09-05
C10141,3565-6455-1001-2834,4123.54,297.27,2690.86,1419.11,10,2024-10-28
C10142,4919-4468-8294-5577,4227.92,3596.24,2239.37,79.23,1,2023-09-12
C10143,4514-6095-0927-3885,1084.05,388.71,1271.69,10067.23,23,2024-11-05
C10144,8279-8889-9227-5754,1776.11,413.07,2661.05,692.94,22,2023-06-19
C10145,5760-0330-2713-6118,2833.03,2828.35,2868.77,12220.65,5,2024-01-10
C10146,0375-3342-8776-0089,4416.7,3498.12,1919.16,2096.6,3,2024-06-26
C10147,8552-2894-8979-0260,2347.54,2189.7,2959.24,10794.17,36,2023-12-01
C10148,8673-4930-5041-3924,122.09,4.89,1962.19,1480.63,18,2023-12-29
C10149,6850-1082-4405-0454,3069,3002.75,2054.12,2686.48,15,2023-03-19
C10150,6259-1024-5831-0056,3719.74,2353.3,765.11,5083.79,26,2024-09-15
C10151,3952-7682-6011-2888,782.04,544,2147.26,1148.02,29,2023-09-28
C10152,2094-9664-3098-5830,995.03,436.66,532.99,16242.97,14,2024-12-07
C10153,4422-2273-1531-2806,1998.54,41.64,2972.42,8505.69,30,2023-01-07
C10154,5721-3232-8508-6582,2799.59,1958.96,301.44,1831.84,13,2023-02-03
C10155,8998-2479-6468-9852,4891.14,1086.53,1108.47,5454.83,16,2024-08-06
C10156,6357-7601-2203-6262,4486.59,3314.86,2417.75,2876.92,6,2023-08-10
C10157,0197-9130-2000-2534,4607.28,3919.13,92.16,783.18,34,2023-04-20
C10158,3610-1124-3929-9329,414.85,69.61,2467.63,2160.91,30,2024-05-19
C10159,5459-2302-3434-8690,389.45,217.09,1637.1,2539.09,25,2023-01-05
C10160,1748-5981-7514-6080,599.24,439.22,1882.03,3862.52,17,2023-09-05
C10161,9130-7200-3964-5636,4700.75,3208.17,687.98,5335,8,2024-11-07
C10162,0384-6604-6030-4159,2078.32,553.83,862.24,4257.21,13,2024-09-23
C10163,5272-5543-2412-2120,112.24,10.8,2129.01,9957.72,30,2024-10-23
C10164,6195-7790-2558-9471,151.86,92,2005.5,408.44,15,2023-02-27
C10165,6400-1899-2185-0472,203.11,101.87,912.85,1124.33,5,2024-08-08
C10166,2328-7565-4443-3085,4832.85,3732.11,1666.88,3827.46,4,2024-06-10
C10167,4711-1004-8660-2080,2792.73,373.49,1439.77,5459.72,12,2024-10-31
C10168,4217-1812-3575-1025,4515.93,3208.43,484.21,9296.07,14,2023-04-13
C10169,1372-1312-8597-4911,1626.76,839.17,2205.4,336.01,10,2023-03-04
C10170,2812-5246-7350-4802,1415.26,317.84,756.22,8412.03,20,2024-07-14
C10171,5538-5054-1668-3075,1831.73,902.69,798.21,2457.53,14,2024-10-18
C10172,3333-9217-0398-7230,4285.88,3685.62,2473.66,9825.62,16,2024-04-23
C10173,2041-0186-9219-7146,1651.15,1460.39,2665.41,7294.03,14,2024-12-28
C10174,1903-3462-2130-2423,2130.08,2043.69,160.75,8798.1,9,2023-03-16
C10175,8336-1073-0893-5050,1872.33,347.31,1687.44,1688.32,3,2024-07-19
C10176,1581-1900-7121-4853,1881.62,976.98,344.59,4071.59,29,2023-04-13
C10177,1078-3913-0944-6941,4048.37,968.13,1784.42,853.96,34,2024-05-19
C10178,4619-4452-6914-1687,3660.58,385.2,2877.9,12466.82,10,2023-05-14
C10179,0431-1913-9767-9741,2871.01,79.36,1441.14,3024.16,32,2023-08-11
C10180,5670-0066-9773-2200,439.53,196.18,2205.5,11453.17,14,2024-07-11
C10181,4933-3984-8852-8190,4806.59,2179.68,2426.58,1667.94,11,2024-11-22
C10182,5213-2198-4961-9125,1934.6,535.99,2070.85,10122.79,11,2024-08-14
C10183,8997-0275-2836-4112,935.89,263.09,2074.69,163.43,32,2023-02-22
C10184,2095-9619-1364-5260,2567.17,2034.11,1463.54,3031.53,25,2024-10-21
C10185,9752-0839-9909-5962,2494.57,1447.91,2086.98,4515.86,33,2023-06-04
C10186,5891-1532-6104-3879,105.36,4.48,1642.9,6692.74,33,2024-09-16
C10187,4826-2107-9762-3292,2898.02,1141.81,1765.54,11490.53,3,2023-09-30
C10188,5676-6979-8447-4622,1795.82,746.17,2274.77,9426.57,1,2023-12-01
C10189,5460-5069-4514-2987,1392.88,1068.92,1634.65,10193.8,3,2024-05-29
C10190,2469-6428-6611-7165,4412.52,3653.36,960.3,19254.9,28,2024-02-12
C10191,6117-4088-9200-8166,3820.95,1730.28,199.42,5173.33,1,2024-06-17
C10192,4487-4454-3252-2271,1831.26,84.37,2502.19,1439.73,25,2024-01-24
C10193,6262-0199-4304-6744,2990.45,1617.17,339.32,2233.36,15,2024-03-04
C10194,9877-9873-6001-1689,4896.91,3234.13,590.9,10293.81,30,2024-08-26
C10195,0513-5975-0401-1019,4986.91,2418.77,1784.49,4607.69,6,2023-06-12
C10196,2289-5004-7813-2084,597.16,516.28,978.17,5042.11,11,2023-09-28
C10197,8103-4345-7971-6434,448.63,292.15,2229.53,197.59,29,2024-07-27
C10198,6465-1435-7163-1494,3846.12,893.2,1982.52,1844.28,32,2024-06-26
C10199,3631-8955-4394-8844,4882.08,545.39,2668.31,5324.32,29,2023-10-24
C10200,0089-2654-7544-8676,895.43,630.27,616.76,5041.34,25,2024-02-02
C10201,5077-1263-3491-3244,1551.2,567.61,398.25,6713.97,31,2024-03-21
C10202,1761-5038-9812-9871,342.87,152.23,2787.4,674.64,32,2023-12-09
C10203,3926-8554-5485-1418,2559.02,1482.39,2234.5,2553.24,9,2024-08-17
C10204,4100-2605-3754-5062,2765.13,27.22,1466.99,11789.91,33,2023-05-29
C10205,0411-0253-7316-1689,1042.72,868.22,1948.91,1637.02,10,2024-01-31
C10206,2059-6365-1070-0390,3543.05,3192.61,2018.8,4042.82,20,2024-10-04
C10207,5480-0225-1181-1771,528.18,60.54,910.76,8097.58,31,2023-04-06
C10208,8079-6590-0006-4848,1497.49,637.42,2872.72,3180.55,17,2024-08-30
C10209,0183-1296-1837-7229,3891.66,2924.78,709.87,7260.82,23,2024-12-17
C10210,4923-0990-5497-5752,1309.31,861.22,2535.11,3898.55,1,2023-09-13
C10211,2232-8567-2679-4098,1121.59,109.73,1132.66,2769.58,24,2024-04-30
C10212,7096-3404-9277-8230,1186.33,432.17,1756.76,1977.38,23,2023-07-02
C10213,4962-3055-1831-5695,2803.78,32.46,1740.72,3672.06,26,2024-06-12
C10214,7101-6831-7466-2807,3735.76,1112.14,1442.11,10752.18,15,2023-05-22
C10215,6103-1384-6892-7850,3962.86,2085.21,2666.94,365.08,15,2023-11-14
C10216,6257-8274-6637-8191,221.89,138.49,1254.01,11452.91,34,2023-06-09
C10217,4861-9569-1088-2028,511.02,114.83,2692.5,4297.05,20,2023-03-31
C10218,8982-0264-3388-4311,888.21,526.66,347.3,2275.17,28,2023-08-09
C10219,3483-3239-6242-8817,4440.71,2304.71,574.88,11775.81,1,2024-10-22
C10220,4053-1278-9108-3490,2423.7,187.69,729.94,8950.71,7,2024-01-01
C10221,5225-7842-2699-3052,1268.61,1166.41,2125.14,161.42,27,2024-07-21
C10222,2563-0952-3894-6566,882.52,24.89,520.48,577.68,33,2024-03-20
C10223,6211-9705-7124-9928,1781.96,1263.22,2646.85,18883.77,18,2024-11-19
C10224,3789-3433-1126-4561,4533.32,1107.42,2205.18,6572.91,20,2023-05-03
C10225,0089-7852-1360-7369,4502.53,376.24,1844.98,3076.77,9,2024-01-19
C10226,1948-5954-8289-9948,1479.44,269.94,2339.46,6840.04,22,2023-06-01
C10227,1882-6685-8807-8050,3700.77,3352.59,1498.31,4745.8,2,2024-11-18
C10228,9644-3439-9517-5899,2738.09,1329.84,2505.43,15546.33,12,2023-06-06
C10229,1112-0253-4666-1290,2916.42,1650.43,1991.36,825.88,1,2023-08-15
C10230,1235-0941-9648-3167,2256.55,987.99,1302.94,4721.96,8,2023-03-29
C10231,3913-1783-9854-2414,2125.51,800.26,1943.07,1526.8,18,2024-03-09
C10232,4631-6377-0284-6724,2192.51,1275.18,2296.93,982.86,21,2023-06-04
C10233,3938-6685-8843-0050,1859.12,535.39,345.36,486.97,31,2024-10-05
C10234,1806-8770-5181-5972,235.66,140.23,1219.35,511.78,17,2023-02-15
C10235,2398-7298-9397-0973,3122.06,440.21,2062.11,13390.94,35,2024-06-18
C10236,3020-6136-0198-6181,2933.35,134.56,2773.12,5538.35,16,2023-08-24
C10237,3506-4887-3761-1797,2235.93,1149.26,487.57,321.92,20,2023-07-10
C10238,5786-9423-1006-0094,988.07,879.02,2624.89,1034.63,8,2023-08-30
C10239,3106-3342-2359-5797,2274.4,1096.59,2917.65,2330.83,29,2023-07-19
C10240,0065-3009-2386-5245,2964.17,950.54,2542.01,13532.61,33,2023-12-03
C10241,5829-2396-3967-5838,922.46,449.54,1998.95,293.26,30,2024-09-20
C10242,5329-6843-9667-7842,3952.56,430.84,2814.92,1757.18,30,2023-08-21
C10243,8995-7297-2890-6077,166.41,36.29,1978.13,341.41,14,2024-09-26
C10244,3280-8538-1402-9225,4934.48,4554.3,1391.79,1996.26,7,2023-09-26
C10245,0285-4835-7057-2867,393.8,162.82,2583.89,14615.75,32,2023-04-18
C10246,3706-7825-9868-6393,1739.05,529.22,510.61,3699.58,24,2024-04-22
C10247,7675-8252-8157-2728,2830.15,1133.28,2573.08,2153.32,10,2024-06-04
C10248,7122-7126-1576-1925,2818.56,1943.01,638.21,12026.61,2,2024-09-04
C10249,4198-8654-5417-0487,610.26,327.8,2200.11,337.02,36,2023-09-29
C10250,8234-1447-9528-6403,863.17,604.37,861.77,9814.38,33,2024-03-24
C10251,8119-0094-9888-6356,289.87,114.83,924.05,10059.72,26,2024-03-07
C10252,0454-7950-0717-6211,3605.89,3349.04,2257.55,7008.97,2,2024-12-04
C10253,5110-1677-6353-1432,4895.59,2923.95,60.11,4815.52,31,2023-01-07
C10254,4535-5336-7663-7500,500.76,146.16,375.1,6518.75,31,2023-05-29
C10255,0784-6332-4140-9284,102.5,82.43,118.53,6064.69,33,2023-08-12
C10256,5942-4494-3386-0455,3453.44,3164.68,2852.99,890.78,30,2024-02-01
C10257,5323-4967-6932-4794,2722.93,1676.42,710.29,6433.78,8,2024-07-24
C10258,7108-6964-2214-5071,706.11,657.13,524.26,1247.63,13,2024-10-07
C10259,7426-5239-7417-0205,3045.12,778.34,490.51,85.89,8,2024-05-30
C10260,9178-7006-7802-5431,2720.27,1620.97,1591.39,556.63,11,2023-10-10
C10261,8625-4143-7684-7727,4832.73,4020.5,1903.45,447.75,10,2024-09-06
C10262,1191-6149-8129-1601,4512.79,3854.05,1447.75,640.95,28,2023-05-28
C10263,2556-2658-1106-7117,3888.26,3787.75,1844.85,1368.54,1,2023-01-09
C10264,3018-6307-8920-2808,2871.52,1468.46,2669.76,12151.68,11,2023-06-30
C10265,3743-5402-0641-4412,3280.74,1906.56,563.98,9296.04,12,2024-08-11
C10266,9933-8698-5484-3413,3432.25,1876.21,378.37,5042.11,13,2023-04-08
C10267,3180-2745-1448-4635,3433.1,861.71,1612.2,11953.74,32,2024-07-02
C10268,4328-5590-9603-0544,4299.23,1063.15,1862.54,5371.28,28,2024-03-11
C10269,9971-7829-2843-3910,4282.95,1696.09,1795.35,813.14,13,2023-10-08
C10270,2089-7598-9085-6260,3564.25,3333.68,1136.53,621.28,19,2023-11-11
C10271,1827-7732-5427-7603,1553.08,775.34,1375.79,9596.09,18,2024-05-22
C10272,0525-1987-8265-7590,3952.23,528.46,544.22,360.01,4,2024-10-09
C10273,1139-8810-2125-0036,2055.13,368.94,1484.79,4411.97,9,2024-04-12
C10274,1168-8496-8322-5710,1685.24,351.78,465.91,11478.91,36,2024-01-28
C10275,5895-0214-7852-0621,1958.88,1572.82,119.96,11044.55,8,2024-08-15
C10276,7395-8605-7136-5712,2296.36,1566.51,835.18,3528.65,4,2023-01-21
C10277,6676-5966-4047-1177,3872.61,2924.57,1026.92,6028.73,12,2024-05-03
C10278,8829-6941-4037-3534,2647.17,969,177.91,10189.59,25,2023-01-19
C10279,9670-6175-4293-9370,4100.89,1642.65,2727.27,2857.75,26,2023-01-28
C10280,2880-4509-4629-3004,4387.15,485.19,2546.51,2426.78,26,2023-09-09
C10281,9524-0694-0353-3266,3962.87,1493.12,2353.84,14204.72,19,2024-09-27
C10282,2708-3222-1101-4189,1006.75,297.04,245.76,1073.58,28,2024-08-13
C10283,5946-1877-5247-0907,2186.96,1834.13,463.07,13440.94,4,2024-03-31
C10284,3291-7331-9135-2689,4352.51,2914.78,660.35,8637.38,13,2024-08-16
C10285,5384-5332-9522-5988,4909.55,2667.16,1420.33,1249.72,2,2023-09-19
C10286,0349-7697-6271-7019,2530.67,705.91,1383,3248.47,11,2024-10-16
C10287,6738-9825-7131-1051,1204.47,702.59,1072.4,9040.64,15,2023-05-30
C10288,4886-4076-6462-9041,263.29,157.03,2718.7,6076.48,30,2024-12-11
C10289,3716-6395-9815-8921,3610.17,2243.08,1152.6,1198.2,31,2023-12-25
C10290,1923-5207-9369-4151,3759.72,2079.09,1354.76,3903.4,33,2023-09-19
C10291,0424-5358-5131-2810,1183.66,234,2858.03,11272.13,12,2024-04-01
C10292,0307-4243-1682-2216,2495.17,1558.16,2766.85,2135.41,27,2024-06-13
C10293,4451-2417-7284-5481,3840.14,3378.91,61.47,8265.95,1,2023-03-27
C10294,0383-2942-6849-1078,908.24,603.39,589.11,1026.48,34,2023-06-19
C10295,6180-1640-1931-6865,1245.57,320.49,2792.47,12818.78,31,2023-12-21
C10296,9102-0778-6127-3235,3684.88,2039.53,913.05,2496.27,4,2024-07-03
C10297,7529-5911-0779-0385,2588.32,384.71,397.15,5105.07,26,2024-11-23
C10298,2254-5062-5896-2079,4919.15,3435.43,1997.25,7915.43,26,2023-08-27
C10299,7706-5345-9577-6277,1523.31,1304.61,2621.21,4135.8,36,2023-07-17
C10300,8851-9294-1665-8188,1164.12,1104.01,1335.12,2217.87,14,2024-01-02
C10301,8728-0485-6200-2546,2640.31,523.63,306.55,4621.97,6,2024-05-06
C10302,5108-7005-4542-5060,1000.66,588.82,853.3,4330.03,14,2023-06-26
C10303,1972-9315-0702-3509,1010.24,25.3,1839.3,5227.77,24,2023-07-01
C10304,8189-3850-8421-8302,4246.53,663.32,1920.9,1407.06,9,2024-08-16
C10305,9293-4382-6128-4003,1883.98,271.62,2889.17,2594.86,29,2024-02-16
C10306,4288-0693-8789-4644,1466.92,879.16,1364.38,11210.86,11,2024-11-26
C10307,6360-9228-7241-4331,3452.45,2916.9,2375.62,263.5,26,2024-02-25
C10308,4454-3928-8076-9043,1285.14,68.58,1752.67,5046.78,15,2023-05-12
C10309,4559-0041-1630-7438,2344.42,1559.81,2585.15,2838.03,11,2023-07-10
C10310,7641-0414-2909-5569,966.49,494.95,1837.75,10290.92,1,2023-08-26
C10311,2373-2585-2282-0188,3031.85,2022.38,597.69,241.4,34,2024-04-08
C10312,6277-3714-1018-8605,1199.78,815.57,931.53,6991.54,6,2024-11-06
C10313,3485-5234-9463-9399,1874.12,390.26,533.61,7193.14,17,2024-04-23
C10314,1863-0522-9261-3362,3541.17,2383.95,2228.56,1957.38,23,2024-04-05
C10315,9939-2023-9198-6451,4918.45,1059.86,2538.19,5584.28,24,2023-04-06
C10316,6280-4745-4929-4130,993.97,766.37,786.09,6653.47,36,2024-04-01
C10317,1531-8679-3410-2024,3628.49,1481.74,368.66,7882.74,13,2023-10-22
C10318,6901-5127-7159-4036,1941.35,1205.34,996.39,2318.41,14,2023-08-18
C10319,6218-3280-9201-3287,3602.38,3046.06,399.28,204.7,30,2024-12-23
C10320,7585-9409-7033-4211,2407.65,2056.66,705.22,9879.35,8,2024-04-08
C10321,8673-4207-0676-9662,4685.18,1322.22,2016.82,531.29,2,2024-04-11
C10322,4478-1382-2057-9618,2323.58,2018.98,515.38,1831.04,11,2024-11-10
C10323,1659-9551-0189-0411,3912.06,678.66,1724.06,12161.59,29,2023-08-26
C10324,2236-9781-4579-9600,786.16,131.96,1657.22,7376.9,24,2024-01-29
C10325,6733-4262-6788-4619,1519.08,802.91,2882.17,1683.29,24,2024-09-12
C10326,4513-0896-8553-9057,619,224.49,2993.75,3151.91,14,2024-02-12
C10327,4195-7130-9681-9164,2907.56,1977.64,2783.12,13126.72,16,2024-02-24
C10328,1244-4116-9130-8277,913.15,708.12,1341.49,822.11,12,2023-03-08
C10329,7618-1263-6826-1221,101.89,34.74,878.7,352.45,7,2023-09-15
C10330,0113-9287-4912-9989,829.08,685.98,2142.33,4951.58,32,2023-09-11
C10331,8791-3454-1274-7135,4937.54,1877.46,1739.67,2614.6,7,2024-01-19
C10332,2483-5333-8293-2390,4503.23,3690.73,2193.35,5213.73,12,2024-06-16
C10333,0591-9732-7441-0715,2934.43,777.21,388.18,1802.63,19,2024-03-14
C10334,5493-4026-1331-3497,3262.98,3112.02,2158.72,2071.21,3,2024-04-25
C10335,8537-9897-0695-6386,1607.17,300.21,49.8,2888.57,12,2024-05-15
C10336,1426-5718-6584-2062,4759,533.85,1924.08,547.6,23,2023-11-05
C10337,2782-7239-4443-7653,2416.13,1029.14,785.96,6229.44,34,2024-12-09
C10338,5518-4556-9769-5541,225.88,11.27,925.51,13807.74,5,2023-04-13
C10339,3519-3101-3822-4665,1492.42,1225.09,208.7,2682.66,28,2023-11-18
C10340,9575-7606-8693-9863,3255.73,431.52,2007.16,13727.28,13,2024-05-10
C10341,6059-1479-2339-0917,140.39,51.57,2776.12,3477.44,5,2023-07-26
C10342,3576-6979-0192-7965,807.19,540.52,2728.1,4921.68,21,2024-07-03
C10343,0831-3382-2893-7223,1835.26,499.89,252.21,16808.12,2,2024-10-29
C10344,6269-7473-4608-0931,630.47,72.23,2604.63,2888.31,5,2023-03-16
C10345,0636-6030-6902-2890,358.03,132.17,819.34,11077.12,1,2024-01-10
C10346,3752-2922-2661-9349,2832.19,2148.1,1641.78,6175.54,6,2023-11-18
C10347,5898-1410-8211-5219,4793.05,4126.77,2340.71,11904.35,1,2024-09-26
C10348,4016-3594-1655-4310,4781.39,3971.74,2362.04,1033.53,25,2024-08-30
C10349,3841-0817-3115-5044,2450.51,659.52,347.99,8715.61,22,2023-10-08
C10350,8468-4272-1253-2109,1568.73,906.22,1672.35,7498.76,18,2024-07-17
C10351,8235-4181-5847-2579,4976.82,4371.52,1874.76,5419.55,28,2023-06-22
C10352,1135-9104-6409-3938,4377.64,193.77,2532.01,11621.24,3,2024-07-30
C10353,7229-3892-0802-8599,638.48,213.21,2554.32,5279.96,12,2024-05-17
C10354,6920-9870-4744-9383,4371.6,2297.1,2722.95,7178.19,28,2024-02-20
C10355,1142-4515-9484-8707,2483.58,1312.46,764.4,717.07,35,2024-05-11
C10356,4617-2227-5456-1308,1691.35,624.05,544.01,8142.55,4,2023-05-04
C10357,8191-7659-6580-7229,4538.01,1259.88,465.78,5296.31,6,2024-02-26
C10358,1376-4291-6678-2478,181.07,18.3,698.54,3352.71,31,2023-02-02
C10359,9670-3264-9849-6837,3252.55,3118.34,1558.5,5256.36,12,2023-03-16
C10360,5850-8280-5348-5058,891.15,690.4,556.87,6394.64,22,2023-02-12
C10361,3403-5531-2094-6547,3324.96,1233.81,1199.89,9297.83,2,2023-06-04
C10362,5920-1597-4343-7175,3559.24,1618.6,1042.4,5520.13,15,2023-04-20
C10363,7246-1704-4754-6520,3327.7,557.34,187.28,1051.22,7,2024-11-07
C10364,6626-8926-6765-8706,2074.44,1174.86,2600.06,6351.31,23,2023-04-07
C10365,5716-0264-4519-8082,4665.29,853.95,2808.45,4172.44,11,2023-01-01
C10366,6279-5662-2020-2745,1842.61,1553.7,2111.27,10174.63,31,2024-11-30
C10367,0836-4259-1097-4956,2995.58,766.37,95.86,743.7,17,2023-12-25
C10368,3925-2892-4866-2920,3999.25,261.44,1213,6803.9,7,2024-12-16
C10369,7625-6467-4900-6156,2884.01,2226.13,2558.55,5418.95,13,2023-10-08
C10370,8540-3687-2759-1189,2160.33,1592.46,1200.84,1193.31,30,2024-04-25
C10371,1350-1317-6997-4963,3169.25,1707.1,2127.66,5799.23,36,2023-05-15
C10372,2808-9152-0069-3129,984.47,927.05,2125.78,915.03,24,2024-08-08
C10373,2324-7259-1424-2241,497.22,304.12,2957.93,577.88,27,2023-02-19
C10374,4870-2220-0779-5863,2092.89,1107.73,181.61,1410.16,30,2023-10-21
C10375,0792-6709-8492-9942,1263.7,480.16,2056.93,4788.83,33,2023-09-06
C10376,8436-7918-0678-1705,3190.39,1980.2,1317.1,6095.44,16,2023-01-06
C10377,2068-4347-8948-8595,3993.23,941.7,2776.66,5514.91,18,2023-08-09
C10378,4451-2764-9633-0165,2552.13,2345.02,2668.31,1438.3,34,2023-06-06
C10379,6234-9021-4781-9800,4902.78,809.41,2397.32,6557.35,9,2024-12-13
C10380,7471-0308-9024-9512,424.17,343.6,2898.16,399.53,20,2024-07-12
C10381,3425-1460-9005-0380,4040.65,771.86,830.37,920.15,30,2024-12-01
C10382,1621-8842-1865-6454,2958.67,1868.63,884.13,5933.47,1,2023-05-23
C10383,0312-3378-7727-4785,1735.72,224.46,2216.15,61.22,22,2024-08-11
C10384,0007-8889-1970-5384,3176.11,1522.79,122.03,6399.98,24,2024-05-15
C10385,7645-6327-8992-1600,3177.14,2888.96,2138.17,1986.4,30,2023-07-30
C10386,8109-8018-1137-9228,1258.4,1062.14,1935.11,7079.12,34,2024-02-11
C10387,8310-0551-7086-4566,366.74,228.18,2146.3,3666.63,2,2023-12-01
C10388,5597-1138-8119-2821,1579.79,670.21,226.83,2758.02,13,2023-02-10
C10389,8803-1152-6631-4705,4546.83,2164.48,2685.86,74.87,28,2023-11-15
C10390,8535-9358-4723-3413,1915.05,889.88,2691.5,1709.65,2,2024-10-12
C10391,5003-5693-5592-8067,351.18,269.05,1353.43,961.29,25,2023-01-05
C10392,8562-1358-0795-5214,3708.37,1720.29,835.77,14138.83,12,2023-07-04
C10393,1112-9129-9086-7811,2760.7,2160.35,2415.34,682.14,16,2023-08-06
C10394,0657-8502-1112-0163,3726.17,3047.29,1268.21,10097.33,36,2024-06-26
C10395,9280-7912-7046-5819,3740.27,1311.05,2969.18,8385.65,13,2023-02-06
C10396,7681-7925-5388-7900,1212.79,942.56,1195.09,1433.81,33,2024-02-13
C10397,9944-1256-7690-1927,1065.72,703.88,2504.37,2899.75,33,2024-06-16
C10398,7633-2529-9329-7275,1541.74,1539.44,2197.8,12058.18,28,2024-06-08
C10399,3659-3566-7623-4568,3799.13,1604.22,108.44,2448.4,25,2023-07-05
C10400,7479-7238-1010-2311,3163.21,2563.45,1291.41,7127.76,28,2023-09-15
C10401,6738-7265-1593-5975,1946.3,79.02,609.25,51.4,36,2023-05-15
C10402,6600-5787-9153-2302,2584.31,1995.62,1635.25,1116.32,11,2024-05-29
C10403,2643-3276-1451-5823,2190.07,1812.73,1396.18,3886.97,19,2024-12-12
C10404,9617-4243-8186-1678,2402.61,1906.39,2598.02,1057.97,35,2023-01-07
C10405,3216-5692-7722-3308,1348.64,1252.13,2409.7,1947.88,19,2024-01-30
C10406,3098-8573-4179-6219,2171.41,2107.29,1098.79,821.82,5,2024-06-28
C10407,8217-3836-7198-6629,688.64,521.88,2632.75,2710.27,32,2024-10-21
C10408,4975-6598-2140-2271,1646.12,924.05,638.18,3082.03,5,2024-12-03
C10409,3993-1023-3088-9557,2183.61,221.54,1038.39,9078.67,35,2024-07-24
C10410,2716-1656-5207-1658,3056.98,331.5,935.91,4424.43,25,2024-10-27
C10411,5645-4571-7304-3913,4549.45,3144,1217.31,3109.76,28,2024-01-11
C10412,6741-0406-4276-0535,329.32,0.76,270.09,9140.8,22,2023-02-28
C10413,3772-6208-3135-8063,1441.64,1408.92,135.23,2315.68,21,2024-09-24
C10414,2507-3119-3097-8981,3414.84,1524.82,1642.91,326.5,14,2023-02-01
C10415,2780-0653-3623-3065,640.03,118.97,2607.27,10624.07,23,2023-09-03
C10416,7590-8672-8821-1308,1782.75,232.59,1414.72,5943.08,12,2023-08-03
C10417,4398-2486-8828-1380,3050.65,940.07,2279.36,10534.84,22,2023-07-20
C10418,1926-6111-8709-5305,4562.67,1875.27,2387.46,4771.18,24,2023-04-06
C10419,3082-5182-4461-5329,2587.22,416.89,1425.58,10439.6,8,2024-01-11
C10420,0773-0309-2993-4246,3474.57,1922.99,1702.67,13976.25,22,2024-02-14
C10421,8394-2317-3169-1368,3672.18,243.84,2862.94,10682.17,28,2024-10-31
C10422,6634-8465-2307-6545,4433.13,4301.95,2268.57,6923.71,20,2024-07-03
C10423,5257-6606-1531-2797,3978.26,2597.16,2794.92,10066.75,26,2023-02-02
C10424,6240-3499-0077-6240,1470.01,1430.51,816.22,693.8,15,2023-09-21
C10425,9851-0985-1729-9109,3922.1,1103.57,1872.69,3662.69,1,2024-01-04
C10426,4568-6145-3099-8644,2180.03,105.93,2543.16,5382.24,25,2023-05-15
C10427,5780-5886-8313-3739,4918.93,4035.35,1276.96,10456.25,3,2024-12-08
C10428,5307-0906-8925-4804,1378.57,734.72,2623.42,9595.74,29,2024-05-22
C10429,0375-5127-7559-0102,1455.28,661.61,766.4,8206.68,20,2023-09-02
C10430,0016-8005-6269-5303,4083.02,3161.03,1317.98,2094.37,33,2023-03-04
C10431,2567-7962-1248-8800,4396.55,2341.41,2599.1,12747.14,36,2023-07-15
C10432,3582-4698-4411-5896,3380.57,1642.02,2954.54,17314.21,14,2023-07-04
C10433,7163-8236-6870-6444,4858.43,1536.83,743.22,15453.19,30,2024-03-12
C10434,8341-9035-8128-3430,3569.79,431.11,2856.35,2897.35,26,2023-06-18
C10435,9085-5207-6075-0068,1340.95,926.64,453.33,561.86,9,2024-11-29
C10436,2794-7327-5877-5567,1081.21,480.53,2385.15,11378.17,29,2024-08-18
C10437,7976-3093-7918-4437,561.55,72.92,340.57,6226.36,12,2024-07-31
C10438,9161-8786-5649-0554,2898.68,924.68,1087.73,421.56,25,2024-06-18
C10439,0687-6257-1495-9875,1166.56,857.78,2691.14,3285.87,25,2023-06-01
C10440,6202-6819-8757-7601,4167.89,935.84,1613.49,4805.21,32,2024-12-16
C10441,5066-3889-9756-8442,1314.61,700.6,2863.59,12770.24,11,2023-10-24
C10442,8401-3082-6141-1821,3610.95,2261.19,2145.14,11604.32,12,2024-04-24
C10443,6812-3031-3888-0334,3092.12,766.96,1011.02,2468.68,9,2023-04-23
C10444,1954-6365-7806-7693,1676.1,1202.65,108.58,1282.31,14,2023-08-13
C10445,0753-4849-9325-2391,1590.53,488.38,1399.8,6203.13,14,2024-03-25
C10446,1490-8898-4439-9141,2801.8,1911.65,2582.82,2377.6,30,2023-06-10
C10447,4241-7169-9376-2516,2652.48,1913.42,191.36,2026.6,21,2024-07-07
C10448,3556-7816-9038-1094,1166.59,919.8,1701.52,11063.22,35,2023-10-31
C10449,8874-3819-1419-2847,3814.14,3303.35,1213.36,434.49,34,2023-05-25
C10450,1779-2931-9127-7552,1736.73,1350.82,2989.21,8377.02,23,2024-09-13
C10451,5775-9446-8685-1568,3980.43,2480.86,1731.57,647.57,30,2023-10-16
C10452,9568-6489-4167-4765,3725.57,145.25,634.75,9453.31,2,2023-05-29
C10453,9042-7812-3537-9432,2237.62,1385.23,438.26,2361.43,12,2023-12-23
C10454,1685-3468-4573-1204,2814.27,244.66,97.27,2694,20,2024-08-27
C10455,8984-0363-5964-8382,211.49,131.44,832.76,4121.52,3,2024-02-25
C10456,2206-0232-2504-8687,4678.28,1846.52,2579.68,12317.4,5,2023-02-21
C10457,3481-2577-6808-4051,4951.28,3487.82,2767.41,231.47,19,2023-07-30
C10458,7472-6796-6088-1496,3345.05,2818.91,2393.78,8930.44,9,2023-08-20
C10459,1522-1090-2317-8654,2202.31,1556.82,1688.88,12791.77,33,2024-08-27
C10460,0893-2200-4689-4209,3723.9,2990.03,2669.25,14235.97,10,2024-03-05
C10461,0825-9646-1743-8772,1854.07,1526.41,1552.07,3080.8,8,2023-01-10
C10462,4819-1091-1385-8667,1492.07,183.83,1996.88,812.35,27,2024-07-13
C10463,3317-6482-8230-3411,2828.09,1195.34,2326.24,10025.65,10,2024-01-26
C10464,7744-0316-0707-9471,2299.92,1568.3,2341.49,16326.24,32,2024-10-19
C10465,9634-5357-0003-5653,4615.87,1285.13,1589.35,7203.56,10,2024-09-27
C10466,2628-1286-9734-0479,3923.44,3786.88,950.03,3851.28,9,2024-07-09
C10467,2631-8218-7367-1178,1808.43,1176.97,2192.38,6358.03,14,2023-08-23
C10468,2534-0192-8921-4572,4191.25,2223.76,1136.75,1818.86,18,2024-06-08
C10469,1495-2023-0765-8125,3560.37,3010.93,2985.27,2669.79,28,2024-03-13
C10470,6852-8387-4389-5773,1868.18,1298.37,1133.51,16078.79,6,2024-12-03
C10471,9409-6325-6698-9524,1743.92,1234.45,2937.79,5926.87,11,2023-03-25
C10472,2879-8305-1071-4583,4766.29,2244.82,2618.24,3474.89,15,2024-06-26
C10473,1165-3031-5596-4378,3381.57,2623.48,2828.15,8961.26,1,2023-06-16
C10474,8860-6127-4504-4885,4765.43,3280.53,337.52,4082.26,3,2024-04-03
C10475,7224-8127-4023-8442,979.68,936.45,2459.87,7289.44,24,2023-07-06
C10476,0377-3406-5754-8407,2456.57,1999.47,2112.88,2820.26,27,2023-01-25
C10477,0065-4703-4556-7960,762.09,284.71,2173.75,5620.59,30,2023-07-21
C10478,4782-4830-1253-5800,981.81,761.16,388.88,1226.34,21,2023-12-29
C10479,7606-8675-1984-3071,3114.93,1160.32,1746.73,16215.81,7,2023-01-13
C10480,6519-0884-2149-5742,2618.23,895.12,21.94,5733.25,17,2024-05-06
C10481,0470-4230-5240-5055,1564.09,1055.56,1900.26,10075.82,20,2023-03-10
C10482,5305-1175-1095-7999,3225.54,2117.37,945.69,354.55,13,2024-10-18
C10483,0577-2101-1429-3950,3186.15,351.39,201,10872.26,33,2023-03-24
C10484,4424-2308-0501-5343,4204.18,3063.1,802.87,2615.2,12,2023-02-27
C10485,4958-6855-0876-0102,307.16,87.37,1295.03,4426.91,16,2024-05-30
C10486,9270-2028-9520-7466,399.76,147.59,2099.15,1000.14,34,2025-01-01
C10487,6392-0387-2273-9902,2275.84,737.14,1321.66,1181,30,2023-07-11
C10488,9788-2407-4739-7702,1806.84,339.52,2377.11,1704.93,34,2023-06-15
C10489,0690-0860-0891-3589,4333.04,1387.26,800,349.55,32,2023-07-13
C10490,1379-6167-6964-6650,3658.07,345.54,2829.23,7657.14,25,2023-07-26
C10491,0702-8425-8350-9398,663.85,555.08,1502.65,334.72,15,2023-09-22
C10492,3200-8759-8800-0291,4998.37,745.74,1221.19,16126.33,19,2023-12-25
C10493,4058-5455-7214-6453,1108.83,744.06,2242.94,6472.21,22,2023-09-17
C10494,1915-4246-2684-5724,389.12,119.27,45.88,5091.54,29,2024-07-26
C10495,3004-9700-5770-6586,1228.45,973.5,2344.11,2445.76,4,2024-09-05
C10496,2162-1916-1015-8577,3212.14,1789.5,31.85,8585.57,27,2023-03-19
C10497,9768-5106-1261-5756,3549.31,625.43,2844.04,4412.68,5,2023-11-22
C10498,5113-6858-3739-2542,1490.28,911.48,1035.2,776.89,26,2023-04-08
C10499,4884-0326-0826-9735,4518.7,47.5,1073.92,5071.72,17,2024-12-07
C10500,8951-4302-7435-4760,2647.73,2489.11,68.28,1470.39,28,2023-08-26
C10501,0626-4687-6386-5092,4885.8,458.09,1705.95,4083.59,12,2024-04-16
C10502,0783-9642-7911-6344,451.23,143,1520.88,2255.05,7,2023-07-20
C10503,2380-7249-2898-1646,4200.89,1151.33,2391.91,6366.8,5,2024-05-04
C10504,4295-0045-0069-6309,3141.23,2119.95,2807.35,13649.35,28,2023-10-08
C10505,9306-8286-1352-9896,2680.29,496.57,2547.35,4871.45,13,2024-09-06
C10506,4047-8238-7812-0776,1372.54,1350.45,2455.54,7794.07,32,2024-05-27
C10507,0804-2575-3405-6988,715.22,287.77,51.6,10298.04,25,2024-07-01
C10508,5962-5665-1108-2173,4681.98,1982.96,2604.68,8714.9,7,2023-11-27
C10509,1515-1872-9034-6662,2729.38,215.11,919.14,2488.39,35,2024-01-30
C10510,8518-2336-0513-7993,350.77,35.56,2987.96,8498.35,22,2023-04-02
C10511,3259-6375-4837-6837,3424.78,2639.06,2423.85,4769.13,21,2023-06-11
C10512,2017-6971-1213-0376,4759.7,4230.3,2033.03,1501.29,12,2024-08-05
C10513,4393-6487-9879-3999,893.24,365.61,592.3,15881.02,25,2024-10-08
C10514,4499-6207-1879-0864,3685.08,248.73,1561.97,9454.33,26,2023-12-09
C10515,5728-5233-1134-4240,4484.19,2359.51,508.83,16335.43,12,2023-02-26
C10516,8589-7871-6712-9850,727.75,532.02,582.59,5380.1,1,2024-01-02
C10517,7090-1599-1446-7044,3574.97,1007.72,925.12,534.33,10,2023-09-04
C10518,0947-6399-8538-9917,3726.48,1870.38,1018.43,921.31,4,2023-05-05
C10519,7265-8764-6887-4414,1956.61,414.12,1015.41,751.93,18,2023-01-01
C10520,6789-0615-3902-2925,551.27,473.34,1359.02,1857.15,4,2024-12-17
C10521,8675-2731-5025-3060,2593.46,1448.72,191.94,4059.53,11,2023-06-10
C10522,0550-3543-5591-1836,3454.16,3036.53,1456.03,438.03,35,2023-05-01
C10523,2446-1166-0629-0503,3309.18,2704.57,1518.26,1620.95,2,2024-03-04
C10524,9357-4730-7539-2458,2240.5,1728.61,2679.77,9818.52,21,2023-11-13
C10525,4478-9821-3500-7514,254.76,104.73,1661.84,11011.81,15,2024-06-15
C10526,3736-1974-2136-1919,3147.79,693.03,9.32,3081.21,23,2023-08-26
C10527,8875-3843-1405-4403,4506.13,1151.49,1157.42,6786.77,19,2023-11-15
C10528,5538-5414-8517-8076,342.66,92.84,782.57,3777.3,11,2023-03-11
C10529,1882-3916-8814-0264,4755.73,2675.26,100.92,12762.15,4,2023-02-16
C10530,9933-6333-2189-0941,2838.5,2542.95,2066.55,9073.31,1,2023-10-27
C10531,7963-3862-6316-1973,1759.62,500.99,999.83,2173.53,22,2023-11-10
C10532,1033-1077-2880-0438,2872.59,2287.26,2993.89,2343.68,29,2023-07-07
C10533,5744-0856-6682-0500,521.56,505.37,2931.26,3075.1,27,2024-12-08
C10534,7059-6068-8971-8808,3504.14,3260.13,2021.46,18016.65,32,2023-09-06
C10535,3636-7745-7841-5551,2772.01,2334.5,1967.82,1429.53,8,2024-06-04
C10536,2561-7775-2714-9249,3997.68,2373.55,449.53,8403.21,32,2023-11-03
C10537,9941-2172-6876-3906,3052.74,1632.72,2808.64,16586.02,34,2023-03-19
C10538,0433-9420-6443-4801,1726.66,467.38,38.07,6019.43,22,2024-10-14
C10539,7497-3998-7448-6426,3411.96,1728.52,436.94,6581.68,21,2023-10-07
C10540,7498-3217-3626-7011,1197.17,875.33,185.29,1577.91,25,2023-12-28
C10541,4666-0518-0722-7985,3157.69,1147.94,1884.83,1188.83,9,2024-01-12
C10542,9577-2034-2955-8405,3771.8,678.91,896.89,3178.49,14,2024-05-22
C10543,0411-4229-6384-1053,300.52,156.75,1733.48,6962.14,4,2024-12-28
C10544,4353-9113-6452-4900,2974.1,256.49,293.67,3820.61,8,2023-12-13
C10545,1575-5292-4346-3642,2058.61,1992.02,1736.27,10586.96,32,2023-11-08
C10546,4824-8240-5152-3197,880.99,610.29,1014.49,126.46,8,2024-11-23
C10547,3630-3142-2139-5370,2613.02,2182.01,327.72,344.01,5,2023-01-09
C10548,9748-4008-8379-4725,679.61,295.03,221,1960.76,23,2024-08-09
C10549,3625-7834-3837-4719,2574.45,865.32,1434.85,15207.61,30,2024-05-12
C10550,7572-6429-5976-2482,2461.45,505.81,2043.45,437.83,17,2023-06-09
C10551,8069-4186-2265-2705,3923.67,3046.29,2908.02,6395.2,27,2023-04-03
C10552,9752-7521-3949-9486,1237.76,1110.74,657.55,8907.88,11,2023-09-24
C10553,4102-5976-1597-3681,2965.26,854.37,2940.16,5404.02,34,2023-10-11
C10554,4319-1035-3131-0353,4940.85,475.71,2914.26,6892.68,22,2024-05-28
C10555,6454-8119-4272-1602,2847.72,2072.81,1064.47,1274.86,6,2024-03-01
C10556,3211-2923-0237-5013,3764.95,2515.83,2003.25,4558.11,7,2024-06-10
C10557,9464-2833-1711-0964,2401.93,2013.21,32.1,11097.67,6,2024-02-24
C10558,5175-2564-6307-1256,2467.49,1559.49,2311.29,6927.36,15,2024-01-09
C10559,3905-3666-4619-8845,645.51,525.03,2702.58,8639.52,22,2023-05-04
C10560,9248-6030-7148-5224,4391.73,838.62,2464.2,1846.32,34,2024-07-15
C10561,2423-6807-7763-7886,4426.33,2784.6,1245.26,9846.41,16,2024-03-30
C10562,3898-7053-4090-4220,3723.99,3043.8,2777.25,10128.66,21,2024-10-22
C10563,5498-3062-7276-6347,1629.4,1613.75,79.69,5604.5,2,2024-11-24
C10564,0935-3322-0220-3429,4825.29,3388.59,1485.77,3161.07,20,2023-06-15
C10565,0438-0598-0959-0380,4137.58,2387.56,79.91,1266.02,26,2023-06-20
C10566,1805-3276-9290-7447,2345.1,1728.4,690.26,1339.23,4,2023-07-31
C10567,0850-9240-8285-0670,2585.73,1632.56,2486.96,6895.28,29,2023-10-06
C10568,9593-9197-4069-9608,4906.6,1224.34,532.08,7349.81,7,2023-02-23
C10569,7431-4141-0632-4641,145.24,15.48,861.82,8576.75,2,2023-11-28
C10570,9315-1471-2413-2946,3075.52,300.94,1875.42,9872.55,33,2024-08-02
C10571,3185-1327-1649-1456,2786.66,1682.84,423.89,3270.81,6,2024-05-01
C10572,8841-4098-0395-1664,2587.59,367.39,1997.59,108.85,27,2023-08-17
C10573,0897-4730-9121-9052,2380.38,2340.5,1405.58,11085.6,19,2023-05-04
C10574,6899-8422-2060-6676,1010.65,73.5,919.4,10215.5,30,2024-12-12
C10575,4400-2789-4552-1843,4641.44,3016.3,2420.56,3872.43,25,2023-09-07
C10576,4653-2128-8861-1519,854.6,591.2,300.56,1157.76,11,2024-07-01
C10577,6895-9928-3622-3193,4469.98,3694.04,822.03,9804.97,10,2024-02-11
C10578,1454-0952-8767-8842,3124.82,1551.78,2468.96,5296,16,2023-05-12
C10579,3422-4996-7702-5306,3266.11,310.69,2085.31,8292.04,20,2023-07-25
C10580,2626-5471-1803-5802,3161.33,1930.59,1797.22,8241.53,22,2024-03-29
C10581,3898-8966-9872-2313,4156.23,3468.23,2055.02,4284.77,12,2023-06-24
C10582,1256-6794-0962-8387,708.01,292.3,1440.91,15250.31,32,2024-11-26
C10583,6142-8109-2717-0719,143.87,90.85,1947.98,6644.72,9,2023-12-16
C10584,4775-4421-5735-1449,905.28,485.99,789.5,182.32,23,2024-12-16
C10585,3605-9151-0105-4055,4102.32,2403.06,2627.24,725.83,17,2023-12-19
C10586,0187-9173-8259-5256,4755.45,3089.46,938.62,4574.46,13,2023-09-28
C10587,5353-7199-9381-8166,1595.21,1066.14,2938.35,4808.93,1,2024-06-07
C10588,1530-8580-4358-5838,720.14,37.47,2757.63,5969.79,26,2024-08-31
C10589,3993-8369-2267-9326,3112.19,2259.58,1772.75,2938.68,8,2023-10-01
C10590,6183-2803-9670-7426,2877.82,134.22,1696.33,3026.95,1,2023-12-29
C10591,6625-0089-2637-6987,2854.6,467.36,2523.72,2748.13,32,2023-04-15
C10592,1104-6648-6698-7306,1230.36,41.91,1591.44,8243.51,5,2023-11-21
C10593,0818-0901-0857-1932,3066.22,2857.47,2738.76,486.88,29,2023-11-27
C10594,0268-6331-3479-7586,597.8,45.11,456.31,1394.99,19,2024-05-30
C10595,1710-2930-6257-9994,3680.24,2595.43,2401.74,16411.72,25,2024-01-21
C10596,8925-2546-2265-7363,615.38,93.66,1829.84,10513.95,11,2024-03-24
C10597,4397-0704-0274-5646,4723.16,3148.47,769.59,1558.42,35,2023-07-07
C10598,5570-5413-4438-2544,4170.95,3916.78,2017.08,122.31,23,2024-06-22
C10599,9850-9884-4499-3152,2193.87,450.62,2235.04,2634.02,29,2023-12-31
C10600,6861-9849-2993-9966,3844.77,2455.81,888.91,6059.55,17,2024-05-07
C10601,9303-6893-2380-0877,3432.99,2185.41,156.84,3535.69,12,2023-01-06
C10602,6330-8420-1656-3417,4309.38,3971.2,361.37,3791.4,31,2024-01-10
C10603,2358-6670-9124-5132,2805.94,1963.87,872.06,10139.32,32,2024-09-24
C10604,7169-9656-3392-5184,3429.49,597.09,77.77,4600.82,28,2024-06-15
C10605,0077-3322-2557-3289,4919.98,4196.13,2322.15,1357.52,16,2024-01-05
C10606,9606-7804-4247-3643,4566.34,2028.14,360.79,3266.36,24,2023-02-06
C10607,0163-3023-7140-0839,4778,3023.01,1643.33,810.75,7,2023-05-01
C10608,3227-3798-7384-0513,3009.25,2313.96,1505.72,6007.56,4,2024-05-26
C10609,9575-9876-4969-5599,3556.04,1121.3,1631.99,5970.49,5,2023-12-19
C10610,1457-2415-5866-2243,894.93,831.44,2106.87,4875.46,1,2023-11-12
C10611,5636-2912-5174-8259,1046.68,307.14,870.68,1652.86,11,2024-07-01
C10612,6979-1082-5980-6589,1411.23,263.11,1103.9,2867.19,31,2024-10-03
C10613,1891-9326-6279-8417,977.01,7.43,1870.45,1578.62,10,2023-08-22
C10614,2677-0984-7784-5931,2929.81,1941.1,1065.36,427.27,11,2023-08-16
C10615,6440-0157-1952-0602,4567.58,466.52,2311.16,9458.47,17,2024-05-26
C10616,6396-9407-1882-5365,2319.56,658.74,1706.7,1975.19,31,2024-11-22
C10617,1387-8637-8104-1125,4575.03,1717.47,1143.19,12444.76,22,2024-02-07
C10618,1309-9119-2632-2728,2144.08,4.28,1662.94,10308.63,4,2024-12-16
C10619,1804-2277-6189-5985,768.16,13.73,661.33,9745.44,23,2024-12-30
C10620,4181-2542-3138-6579,3395.23,3296.21,2604.9,1749.14,10,2023-08-13
C10621,4386-5107-3594-3506,4923.75,3641.33,1683.93,5079.38,16,2024-03-04
C10622,2305-5772-8452-8333,1009.38,23.09,1072.01,1096.1,28,2023-05-27
C10623,1686-9377-1034-1055,3933.81,3429.37,342.82,8889.09,27,2024-08-23
C10624,6958-4962-7317-3660,2115.19,1065.89,2394.59,10748.29,6,2023-06-09
C10625,3161-3147-3124-2084,4778.11,1813.84,2217.43,2435.86,3,2023-06-08
C10626,1027-4590-6499-8267,4326.61,2097.52,1936.82,7225.81,29,2024-05-08
C10627,6030-3372-1338-0737,3131.95,493.64,1044.68,13089.79,7,2023-11-27
C10628,4360-7705-7965-1173,3086.99,1279.23,806.59,12217.5,35,2024-12-03
C10629,6313-3039-5004-0690,995.91,711.79,1247.83,2297.18,5,2023-12-09
C10630,0040-6164-1489-5380,1912.63,335.95,1662.09,7569.16,26,2023-01-09
C10631,1661-9162-0707-6269,4591.15,86.92,959.35,8053.08,14,2024-04-14
C10632,4225-6469-5290-5189,2038.15,1288.88,484.2,1690.76,27,2024-12-11
C10633,1433-4606-9880-5604,4026.73,4023.95,449.98,1306.18,4,2023-10-11
C10634,8918-3586-3966-3121,3409.03,2980.43,2020.94,6300.42,16,2023-09-16
C10635,0041-1534-0077-7715,664.62,195.56,2471.09,2791.95,3,2023-06-20
C10636,0009-9107-9981-6558,1177.42,386.13,940.31,3458.32,3,2024-06-03
C10637,7048-8783-5099-2507,4145.4,3929.7,2072.93,14062.34,17,2024-08-19
C10638,7259-3522-2329-3050,2731.73,245.2,1318.16,12493.92,6,2023-12-05
C10639,5107-2375-7252-3348,3803.6,389.06,1511.01,2635.21,33,2023-09-05
C10640,0787-3156-4381-1935,3108.43,2605.95,2050.51,706.69,16,2023-03-24
C10641,6312-3057-3814-0304,1240.21,699.58,2133.1,4433.54,24,2023-11-27
C10642,4632-7726-8707-5931,899.54,862.49,1064.93,10933.34,7,2024-06-18
C10643,9559-5080-1170-6280,4455.86,488.9,2546.74,6029.92,4,2024-11-08
C10644,6388-0162-4754-9411,3280.84,2169.28,2678.21,4952.95,9,2024-12-05
C10645,7584-2732-8634-6230,4282.18,1738.66,2486.87,11442.76,7,2023-07-07
C10646,6208-9050-2946-0328,3313.87,2002.14,1248.42,4021.83,5,2023-04-14
C10647,8993-3449-1556-0147,1908.15,589.76,2101.47,433.29,32,2023-10-09
C10648,6491-6964-3322-0642,4646.06,2678.78,396.59,8789.78,25,2024-03-04
C10649,9803-8215-6281-2004,3817.61,46.79,1840.21,10134.11,8,2023-05-09
C10650,6363-7194-7753-9808,3756.88,1839.76,2051.32,387.36,15,2023-04-18
C10651,7484-1745-3420-8242,1636.49,9.32,614.7,5744.15,23,2023-05-07
C10652,7333-3806-2381-8485,883.89,301.39,2424.2,2401.38,2,2024-01-30
C10653,4701-1379-0588-2409,4806.03,583.86,360.41,4938.53,12,2023-06-03
C10654,7115-3549-6320-3766,2014.08,10.47,2583.47,6581.7,5,2024-06-09
C10655,1328-7433-1845-4578,4367.31,980.13,940.49,4184.45,11,2024-10-25
C10656,8128-5235-2991-2821,713.55,168.09,1562.62,5616.57,14,2024-03-22
C10657,2160-5191-7253-4700,3674.69,675.88,779.62,1409.11,21,2023-03-10
C10658,1519-3605-9808-9437,2995.14,1949.66,2665.6,6153.91,10,2023-10-25
C10659,4407-8567-3607-3010,4776.52,1028.59,1565.17,4536.19,17,2023-03-06
C10660,7977-1112-6668-6003,1693.1,1118.08,2985.39,3397.64,32,2024-11-05
C10661,9289-7222-3302-1591,811.93,312.74,296.3,16087.52,11,2023-07-24
C10662,4700-0713-3855-2486,3089.33,2159.72,977.93,6102.74,16,2023-08-21
C10663,9149-9239-5296-6094,286.9,208.49,1061.04,8949.49,5,2023-11-10
C10664,6074-6278-9284-3811,4908.27,2541.81,2474.38,11584.77,8,2024-11-29
C10665,0465-5931-3182-7063,3790.97,1555.83,703.25,2700.16,5,2023-03-23
C10666,0557-3337-9911-2144,2508.23,565.43,2119.98,694.42,7,2024-06-05
C10667,3989-0440-5228-5314,192.01,168.56,1060.44,1290.59,17,2024-08-03
C10668,2310-4446-9229-2587,2876.11,329.78,2692.91,1171.75,9,2024-09-20
C10669,6170-9431-2066-7544,4350.9,2661.2,2236.07,3789.52,14,2024-12-20
C10670,8160-7009-0693-1181,3228.1,1184.41,1141.71,9735.81,30,2024-10-18
C10671,4000-7252-4445-6047,3331.44,22.85,2403.11,3809.47,21,2023-12-23
C10672,6409-0983-3907-1102,4847.21,3165.51,1504.03,1024.06,12,2024-03-06
C10673,6846-3752-7342-3512,3759.79,1090.03,724.41,2950.21,20,2024-08-13
C10674,7228-7974-4932-9934,3418.87,2817.05,345.42,7292.1,4,2024-06-13
C10675,2954-8407-4915-7181,1934.4,1455.3,467.59,12473.93,6,2023-12-19
C10676,4055-9660-9021-9387,3493.51,2154.18,1400.13,2749.17,5,2023-04-27
C10677,0770-2422-2356-1446,1172.29,1169.62,1538.82,2635.95,10,2024-09-23
C10678,2462-8833-1079-9540,4760.39,3531.42,2300.02,4810.68,33,2024-03-07
C10679,9962-8913-3211-9455,1325.1,555.76,1791.43,4478.66,6,2023-09-29
C10680,5879-6611-2842-2738,4928.09,2442.1,241.53,3721.73,20,2024-08-08
C10681,2759-0916-2899-8923,1561.51,665.11,2239.53,3385.4,16,2023-11-13
C10682,2091-7840-2064-3190,3890.03,3734.44,78.7,2856.34,20,2024-01-26
C10683,5163-3219-9577-1645,1609.23,636.33,2842.91,408.91,23,2023-02-22
C10684,4500-4045-2259-0411,3096.03,2960.95,2932.13,1772.92,31,2023-10-22
C10685,5779-3843-8413-0573,3804,6.25,2049.71,15382.05,17,2023-08-03
C10686,1341-3135-0273-2083,803.41,322.45,1730.56,4867.5,3,2024-08-03
C10687,2274-8939-6297-4856,1544.01,364.91,1944.44,7358.6,36,2024-01-08
C10688,1402-3173-9115-1338,3527.07,3085.94,1806.28,446.83,6,2024-05-25
C10689,9820-5796-6627-4698,310.59,25.56,2308.56,5685.53,10,2024-03-16
C10690,0319-4389-5294-2476,2958.04,1643.76,1788.93,3461.39,15,2023-09-19
C10691,9064-4977-6872-8939,785.02,162.46,588.85,1612.41,8,2023-11-02
C10692,4253-8919-6703-5434,4940.32,4432.63,1283.15,4532.68,2,2023-09-18
C10693,6323-8270-5252-1471,2058.58,512.16,1623.32,4379.93,29,2024-09-06
C10694,0612-9341-0165-1193,4293.15,1477.04,132.73,4534.43,20,2024-12-09
C10695,7105-5937-8974-3946,4944.03,853.77,788.51,1049.44,15,2024-11-20
C10696,3638-7420-5096-5825,4227.65,626.73,2750.41,2380.92,6,2023-12-31
C10697,5367-5806-0373-9177,3915.76,3342.24,1799.82,9454.56,14,2023-05-27
C10698,2762-9075-3523-3095,3092.5,2696.68,763.13,6915.3,11,2024-04-30
C10699,7337-3217-8875-6935,2409.21,1402.98,262.87,448.88,4,2023-08-14
C10700,7707-0330-7308-0535,756.63,368.36,1988.36,14632.54,10,2024-03-25
C10701,8311-4429-5240-8976,1710.43,1069.9,1556.01,5191.17,6,2023-04-19
C10702,5321-2156-7670-7082,4129.22,3664.29,1796.15,403.91,20,2024-05-13
C10703,3813-9511-7728-2347,4160.77,477.32,2393.06,920.39,36,2023-07-31
C10704,2242-6564-8368-5112,3631.26,561.82,2714.29,6788.64,15,2023-09-14
C10705,5186-5940-3483-3351,4285.79,1896.53,800.69,435.36,9,2024-10-31
C10706,2636-0024-1120-4794,1422.4,1134.03,1474.21,6109.98,14,2024-08-14
C10707,5313-4470-4679-4318,4875.37,4774.8,386.61,1789.3,5,2024-12-24
C10708,4453-1643-5077-1704,4315.22,1474.54,1815.82,1174.51,22,2023-10-19
C10709,1827-3911-5756-6594,4467.77,3294.94,483.41,4620.46,35,2024-07-11
C10710,1815-7767-0846-5735,1464.88,168.08,1494.96,5277.4,26,2023-07-18
C10711,1451-9278-8465-1014,2842.54,2161.17,1664.2,2283.84,16,2024-09-02
C10712,2773-8032-2780-3446,368.6,298.08,1642,5496.81,17,2023-10-10
C10713,4752-0623-5836-6157,4746,225.7,2049.13,10669.62,7,2024-06-30
C10714,1826-7581-7882-1831,162,19.33,859.84,966.32,24,2023-01-20
C10715,9603-0978-2572-3082,1952.5,580.49,1260.84,111.65,20,2024-06-23
C10716,9162-5333-6833-5166,201.3,82.16,1416.96,4846.73,25,2024-09-29
C10717,5913-7070-0879-1226,1346.76,1125.69,1458.35,3619.87,28,2024-10-04
C10718,6794-9779-7905-1987,220.23,168.93,1142.49,4892.8,20,2024-08-15
C10719,9889-7380-1931-9207,3202.32,626.94,2381.61,3365.84,5,2024-11-18
C10720,1568-9297-4049-2989,1473.43,386.71,1879.04,10263.12,34,2023-06-03
C10721,1761-2005-1352-2543,3008.01,926.18,1337.24,855.65,12,2023-12-31
C10722,2227-2480-8989-5623,432.18,247.19,2564.79,98.87,9,2024-04-25
C10723,0172-0493-8632-3138,3145.1,1565.19,2837.06,7425.26,27,2023-06-07
C10724,3369-6821-1731-5156,2248.86,942.43,1132.86,15231.37,32,2023-02-14
C10725,0584-7773-0948-0528,4493.49,3902.52,109.07,9369.46,17,2024-05-25
C10726,4470-2532-1568-9315,4158.91,833.79,1197.3,8309.09,30,2023-12-25
C10727,4087-0748-0770-1687,3480.31,1376.24,1952.59,2430.52,36,2024-01-05
C10728,6151-2228-3020-2873,4711.79,1497.01,1511.53,8718.92,2,2024-07-07
C10729,2359-4607-5421-6130,2167.26,1872.81,756.38,3465.27,21,2024-05-21
C10730,7614-8657-3474-0382,4835.99,3365.25,2821.73,6581.85,33,2024-03-03
C10731,6809-4770-6400-9675,4387.13,3500.67,424.67,1970.7,29,2023-01-31
C10732,3181-5969-9476-8042,307.28,242.79,1052.61,1456.8,14,2023-06-10
C10733,4654-8868-8633-3256,2238.17,72.72,781.19,9033.78,29,2023-02-21
C10734,0408-4770-4368-1621,1490.43,1016.07,1145.98,2745.59,17,2023-10-31
C10735,6289-0195-8720-0756,504.22,260.98,1797.05,11000.74,21,2023-07-04
C10736,9335-2402-4861-9396,1040.96,278.3,162.37,3062.52,36,2024-09-19
C10737,6415-8344-1549-7680,2116.13,707.74,630.39,1222.55,7,2024-09-12
C10738,9390-5219-4499-3201,4178.75,356.15,2954.87,5797.98,28,2023-10-17
C10739,2179-4876-5909-7019,269.23,111.71,2838.52,216.76,8,2024-09-17
C10740,9167-9030-9365-2137,4781.58,144.24,1178.57,1036.1,16,2023-03-11
C10741,3361-7772-0065-1670,4699.97,3968.39,162.56,7119.92,32,2023-11-26
C10742,9562-5842-0949-6682,641.3,381.9,384.52,17156.47,23,2023-12-04
C10743,0701-7294-3061-1140,3882.19,63.6,52.18,11176.11,25,2024-12-06
C10744,4661-8022-5541-6737,4229.39,3978.03,1426.92,1875.8,19,2023-12-11
C10745,9974-5192-4946-7281,695.63,226.18,2803.16,3911.19,24,2024-02-20
C10746,0805-4707-8325-1214,1890.9,1482.92,1892.76,8986.32,14,2023-12-18
C10747,9162-8325-4852-4705,187.11,22.68,957.03,827.46,25,2023-07-09
C10748,7009-2885-4749-5985,4709.85,349.87,384.95,7479.8,24,2023-04-28
C10749,2164-7461-1097-2994,349.17,230.71,197.35,7685.48,13,2024-08-01
C10750,1291-5376-9556-4671,4695.2,104.61,392.27,900.35,11,2023-02-18
C10751,0420-8980-7738-1078,2607.24,433.8,873.33,2845.67,36,2023-08-01
C10752,1320-6988-6590-0726,4750.58,2164.14,467.35,11689.41,26,2024-07-08
C10753,4545-5057-6116-1224,2154.35,451.17,1187.22,7183.4,18,2023-08-14
C10754,0884-2145-8609-8817,2823.6,410.75,1516.88,1021.03,2,2024-10-28
C10755,1844-0112-3003-0312,832.6,438.97,2699.09,8966.7,1,2023-04-09
C10756,0422-8901-3094-8927,4832.44,3859.61,602.03,351.65,27,2024-06-10
C10757,8250-0748-2215-6824,1075.93,22.58,789.73,1667.01,22,2023-06-14
C10758,7139-9459-5138-9557,3232.4,663.84,977.33,15435.3,8,2024-11-03
C10759,9698-1276-5964-9208,2317.05,1272.26,822,3165.63,27,2024-12-26
C10760,3235-1515-0917-7201,2221.2,1341.2,422.5,7355.45,12,2024-01-09
C10761,2940-5203-6807-7851,4688.25,2100.74,327.23,2829.14,21,2024-02-01
C10762,8654-8343-0188-2889,651.37,254.9,1920.25,4928.16,13,2024-08-21
C10763,2036-5376-4824-4563,909.85,472.17,504.5,5414.05,3,2024-12-17
C10764,6867-4991-2974-0769,1808,392.81,1577.11,110.56,31,2023-07-28
C10765,4456-5800-6138-2862,579.26,577.87,899.19,4887.9,8,2023-06-12
C10766,6056-1264-8218-3595,2217.98,1309.08,899.38,666.92,30,2024-12-13
C10767,5817-1006-6482-9588,1367.89,984.05,1293.02,587.63,33,2024-07-04
C10768,7577-9509-1530-2105,1221.09,748.06,1553.52,8433.96,15,2023-03-10
C10769,9863-8105-7263-1835,4166.14,1825.76,684.58,5981.06,14,2024-05-19
C10770,4693-8207-5223-3560,1643.63,1445.77,2360.99,6341.74,8,2023-08-04
C10771,9845-7647-1199-7301,3518.63,66.57,2080.01,1871.83,9,2024-10-15
C10772,8249-1816-1139-4624,4829.89,1210.68,2665.96,15237.88,17,2023-11-19
C10773,1977-4180-2081-5894,3702.17,1124.47,940.5,584.89,25,2024-11-02
C10774,6123-9592-9864-8816,4944.87,4689.24,256.67,3271.16,34,2024-04-10
C10775,0748-7224-1344-8772,266.47,87.11,2753.46,11244.65,15,2024-11-28
C10776,1565-7132-0264-6290,137.02,75.37,1518.38,4048.81,29,2023-07-18
C10777,0756-9960-3703-7715,2811.68,2712.28,209.1,7433.52,36,2023-06-25
C10778,1632-6871-6922-1978,862.19,364.19,2387.78,5732.37,17,2024-08-30
C10779,2626-9556-4244-5275,3092.33,838.18,2410.75,303.14,4,2024-02-11
C10780,4245-6795-3609-3229,2190.85,2081.88,1001.56,2730.69,1,2024-03-08
C10781,8836-6302-0417-0284,860.59,418.51,2195.46,2627.76,26,2024-01-12
C10782,7801-8430-7485-7545,4609.67,546.36,36.98,4493.46,16,2024-09-24
C10783,0552-7329-8823-0438,2429.6,757.48,913.48,2583.11,17,2024-06-13
C10784,4902-7510-6027-2651,4928.74,1183.62,2892.16,1341.02,11,2023-02-23
C10785,0205-5748-5601-3038,951.29,899.57,1702.32,753.24,33,2023-10-14
C10786,4700-1674-8584-5748,1845.68,467.51,1819.18,297.53,2,2024-03-20
C10787,4653-9319-4424-2376,2887.94,1276.97,594.47,9157.61,35,2024-07-12
C10788,0261-8494-4981-4685,1961.13,765.42,2222.08,4880.64,28,2023-01-16
C10789,6632-7738-2090-8507,139.6,0.54,225.24,1051.8,36,2024-02-09
C10790,8861-4511-4853-8882,2714.11,1729.1,1514.43,10582.82,21,2023-02-15
C10791,8421-4893-4357-8708,643,386.47,827.79,980.76,21,2023-05-08
C10792,5861-7265-6493-8016,1234.34,1200.92,495.81,705.12,18,2023-09-18
C10793,1881-4189-8710-8762,810.48,540.89,1618.09,1828.6,27,2023-12-27
C10794,1286-9461-2919-4456,561.02,338.27,68.11,12990.68,11,2023-05-12
C10795,7345-1580-4794-3816,2007.11,688.08,1858.96,7561.99,25,2024-09-22
C10796,6286-4184-8640-9533,1225.47,1037.34,2707.26,5507.87,6,2023-07-07
C10797,3932-0471-9539-2006,4929.45,150.09,883.26,1569.81,21,2023-02-10
C10798,3846-1358-1373-4894,4417.21,4402.26,1402.47,1458.31,27,2023-05-26
C10799,7903-2877-3491-6341,223.97,44.77,926.8,6387.94,20,2023-01-20
C10800,5920-4447-0079-6629,4923.89,1033.43,1194.08,4489.82,21,2023-01-14
C10801,6389-4854-5224-6288,751.01,42.69,1797.2,1307.37,21,2023-12-12
C10802,2002-6819-8155-6845,1069.79,423.06,259.15,6084.89,22,2024-03-14
C10803,0625-4926-5833-2709,1202.9,829.62,2129.01,2754.19,5,2024-04-28
C10804,6000-9180-3467-5689,125.27,106.48,2594.7,5851.16,14,2024-07-02
C10805,0898-4436-5833-2469,2013.15,1328.82,291.07,5652.07,21,2023-07-05
C10806,9697-2789-5926-2614,846.5,466.41,1845.61,5273.47,18,2023-12-08
C10807,2671-5470-9023-1071,650.24,172.01,966.16,99.34,27,2023-02-23
C10808,2076-0938-8932-0631,2369.15,550.25,2448.42,5863.79,4,2023-11-26
C10809,8485-5418-5915-4349,2572.87,1644.79,342.58,1360.68,5,2023-05-10
C10810,0853-2551-6679-9217,4838.34,4809.03,889.44,5228.65,1,2023-11-18
C10811,5686-0534-8414-3147,3852.88,3234.57,590.32,109.17,24,2024-09-18
C10812,3929-8923-6429-7808,4209.07,1674.78,1232.41,3020.04,26,2024-01-12
C10813,3357-8878-9314-6300,2378.12,691.23,178.94,2049.3,28,2023-01-18
C10814,5059-5779-1662-5643,326,124.44,954.84,2368.55,21,2023-03-24
C10815,9291-5086-1971-0503,3488.58,1666.36,1590.65,8834.32,17,2024-03-19
C10816,9602-8335-5946-6993,2562.94,1810.93,2798.3,430.45,17,2023-08-27
C10817,8057-4846-6163-1857,3901.64,1123,2674.27,672.94,30,2024-04-01
C10818,0155-8679-8717-1357,1731.67,380.68,175.7,1568.88,8,2024-01-08
C10819,8306-6236-4834-9291,3603.07,1609.47,1592.68,1044.66,33,2024-05-04
C10820,0030-8652-6907-5120,3559.62,2142.14,384.11,13622.38,24,2023-10-19
C10821,7281-4460-6374-1555,438.73,371.22,1238.44,326.07,12,2023-10-10
C10822,1714-8682-2241-5071,1303.04,1058.61,2354.43,8478.75,19,2023-03-08
C10823,3966-9559-4417-8511,4389.7,1755.49,445.74,2752.64,31,2024-10-13
C10824,2365-4281-7488-6978,1591.06,1426.78,2471.45,7987.27,21,2024-07-19
C10825,4075-8736-2227-8544,1731.35,307.1,1688.69,1930.67,7,2023-12-12
C10826,1406-5542-8968-4574,2405.35,716.59,2672.45,8172.16,16,2024-02-02
C10827,0201-4864-9066-3046,1463.56,993.72,2340.39,14686.35,25,2023-07-05
C10828,5126-6579-1687-1544,2043,1874.86,1554.84,4135.84,1,2023-07-27
C10829,7023-3489-2564-3847,1247.66,128.29,969.91,2329.36,11,2024-01-17
C10830,5503-3100-3003-6231,911.5,72.23,1573.02,1122.92,19,2023-11-13
C10831,8992-5054-6753-8078,4912.53,2287.17,728.15,7649.51,33,2024-10-10
C10832,5265-9690-0599-6202,717.17,607.21,1123.5,12796.21,27,2024-01-14
C10833,1852-0379-7566-0264,4431.79,3532.72,736.56,5496.39,32,2024-05-23
C10834,8625-4360-6627-6201,1272.1,1127.96,1495.12,6288.99,17,2024-02-22
C10835,0594-2911-5858-2639,1635.3,1291.12,1050.9,869.4,23,2023-03-19
C10836,2262-3868-8082-8110,4216.25,2635.2,1306.51,321.86,25,2024-12-03
C10837,7942-0772-8380-9879,2617.07,2068.74,2594.09,1700.54,9,2023-12-22
C10838,8786-5712-8797-8958,4604.81,3593.99,735.49,8966.72,6,2024-10-29
C10839,7282-7574-3206-0667,3128.9,999.64,2083.58,5315.72,19,2023-04-14
C10840,9072-4504-3829-1684,4850.84,3700.1,485.55,9626.73,25,2023-03-12
C10841,3221-6774-3066-7742,4308.99,428.43,2950.03,1494.76,29,2024-12-29
C10842,4896-8941-9905-5220,1733.31,838.65,341.32,11402.16,27,2023-09-20
C10843,7703-5240-0481-8681,1735.52,1669.37,309.09,5307.63,11,2024-04-30
C10844,3385-2348-4522-6343,4698.74,3939.72,271.88,2357.63,6,2024-10-16
C10845,4164-6252-3500-9059,3408.32,1009.5,1903.18,1914.2,33,2023-12-07
C10846,8813-8349-0860-4849,2915,252.9,859.88,8862.34,15,2024-03-10
C10847,4623-4379-4467-6888,3592.44,3036.81,611.29,4886.21,11,2023-03-28
C10848,8183-2276-1293-5937,3089.8,158.42,2857.68,287.81,21,2024-12-12
C10849,0265-9067-3545-6223,2504.29,1877.66,1659.15,8794.15,35,2024-05-31
C10850,1374-1500-8926-1517,2533.99,2327.22,1927.78,1557.98,22,2024-08-25
C10851,8880-6764-5503-7710,4995.34,4047.27,1544.71,2398.28,9,2023-10-06
C10852,2155-5460-8239-8725,4227.69,1280.67,287.29,3730.03,6,2023-11-20
C10853,8702-0345-2960-6062,1452.25,1.9,1475.55,904.86,14,2024-08-11
C10854,1393-4409-9945-0323,1182.94,1015.08,1518.32,4463.19,7,2023-03-19
C10855,9659-5360-1779-9610,2197.32,1597.36,1540.48,7228.85,16,2024-05-22
C10856,3081-5757-1070-9781,1915.8,1514.14,1740.49,6150.58,3,2023-12-21
C10857,0178-9866-2322-1670,3298.7,305.94,1518.81,2363.06,8,2024-11-17
C10858,9130-4173-5412-3482,2395.95,1584.21,762.06,13616.9,32,2024-05-16
C10859,0195-6395-2134-8057,1124.83,1065.97,2446.9,9838.38,12,2024-06-16
C10860,9564-6090-3605-6213,2074.92,216.29,2694.26,3359.39,25,2024-09-22
C10861,1769-2718-8781-5415,3172.7,2224.25,2443.48,5092,28,2024-03-06
C10862,6577-0908-0499-5955,3678.78,3144.8,2193.12,13223.49,11,2024-10-03
C10863,7806-4163-9426-1107,4146.24,3630.42,1407.69,12735.26,34,2023-06-28
C10864,8347-4915-0229-0939,257.58,90.52,2705.78,4996.62,10,2024-07-25
C10865,8375-9812-1188-9882,966.29,510.02,306.32,1092.03,4,2023-07-18
C10866,7885-5525-9252-9791,2338.24,889.02,474.82,827.87,28,2024-10-19
C10867,9410-0925-6467-1166,854.52,144.64,961.93,535.27,9,2024-11-23
C10868,5095-4239-3232-5960,4194.92,2943.08,1882.24,3238,18,2023-08-21
C10869,5891-7651-7639-9955,265.36,260.92,898.46,12209.21,13,2023-06-23
C10870,4161-0440-7041-4076,4733.85,3398,2352.89,6856.68,10,2023-10-07
C10871,7907-4439-5372-6367,3316.17,1626.79,2487.72,128.04,21,2023-11-15
C10872,3336-9697-9763-6276,3330.24,2707.67,297.91,1317.22,30,2023-08-05
C10873,2604-6560-6068-4119,2964.53,2103.27,1048.66,1966.28,2,2024-01-01
C10874,4894-2037-7272-1830,627.44,589.88,2321.43,8823.11,27,2023-02-01
C10875,6709-7630-5164-6849,2027.82,902.66,1075.43,727.8,34,2023-04-19
C10876,6019-8494-0769-3630,2720.05,905.64,1584.9,2869.6,24,2023-04-04
C10877,3238-5520-1622-6229,4053.09,3363.55,1940.51,2741.02,13,2024-08-19
C10878,4404-4611-9922-9702,1513.48,1203.8,2634.68,1317.42,25,2023-12-21
C10879,9980-0823-1249-6076,357.06,323.62,1110.71,1913.48,5,2024-10-05
C10880,5051-6105-7894-9739,1883.19,1685.92,2033.69,2372.35,5,2024-09-05
C10881,8149-9232-8034-0829,3733.35,3032.52,2842.9,7886.62,35,2024-06-15
C10882,5070-2081-1581-4957,1649.38,7.87,3.53,4698.18,20,2023-03-11
C10883,8186-1988-7626-3888,2183.37,823.63,2764.39,10865.86,31,2024-10-06
C10884,6949-0281-7685-2700,901.17,536.38,2638.02,14196.79,4,2023-04-12
C10885,1611-1236-6358-9603,2389.49,191.79,1145.61,9519.34,18,2023-09-06
C10886,3469-9236-4238-1850,3093.24,2063.77,2303.93,317.07,32,2024-10-08
C10887,0787-7211-8675-2185,1114.7,65.47,1242.58,2343.27,22,2023-10-24
C10888,8654-5643-6794-3685,1122.58,258.82,331.98,3625.87,36,2024-12-07
C10889,4879-6485-4501-7653,611.36,588.5,2834.59,6387.66,26,2023-03-21
C10890,7819-1671-9818-8523,2458.65,2190.76,527.65,12455.45,25,2024-04-23
C10891,6156-0941-8832-4340,1226.76,719.5,916.07,664.54,27,2024-03-16
C10892,5795-3173-3462-9306,3897.41,2887.93,2765.64,1635.32,34,2023-08-20
C10893,4498-6974-9067-2138,1448.26,787.33,873.3,11760.45,18,2024-04-02
C10894,7190-8069-5680-5267,4295.56,1075.39,247.3,5995.28,22,2023-07-16
C10895,0620-2561-6695-7193,4972.25,3255.98,1145.59,304.23,35,2023-09-18
C10896,5407-3967-4698-7541,4321.66,4233.74,1495.26,6827.85,31,2024-12-29
C10897,8640-8497-1800-2840,1300.37,1127.81,1049.5,162.16,6,2023-05-02
C10898,5896-4613-0203-0948,445.77,321.92,285.46,13309.32,35,2024-01-31
C10899,5107-1576-9613-1155,2513.49,1359.51,1832.96,2028.74,12,2024-05-30
C10900,6401-0037-1623-8131,618.8,87.39,151.22,2221.76,12,2024-10-22
C10901,4822-8794-3876-3127,3696.34,3160.97,2176.6,2494.94,23,2024-12-14
C10902,5942-5020-3025-1791,1789.1,4.86,364.07,9466.49,12,2024-02-21
C10903,3652-6750-6107-1963,2801.03,1532.67,1938.9,2709.14,6,2024-02-05
C10904,6682-4043-9111-2871,3898.95,762.62,2606.96,10731.83,18,2024-02-02
C10905,1137-0247-1068-0155,3889.08,2592.3,1549.76,1395.72,9,2023-10-12
C10906,8834-2664-4930-7096,2115.73,117.94,319.86,407.47,11,2024-06-26
C10907,0945-4336-2689-7956,3112.03,878.62,2727.49,394.67,3,2024-03-20
C10908,8418-6634-8022-2483,3321.33,583.97,2159.44,1676.04,19,2023-03-24
C10909,0455-3927-1403-8025,2685.86,1822.6,1485.06,2074.56,4,2023-06-12
C10910,8901-0343-9823-9975,2788.73,973.97,2820.6,4803.66,19,2024-02-21
C10911,8070-8004-5304-7820,1201.12,499.78,1861.59,8499.38,22,2023-09-01
C10912,6368-4207-3760-7654,4730.1,4632.95,2302.06,2021.69,12,2024-01-26
C10913,6111-3014-4802-1079,3825.8,3579.5,2431.01,159.1,30,2023-03-12
C10914,0016-9822-8982-5412,2043.45,184.47,1218.88,510.58,19,2024-07-11
C10915,9794-7222-7064-2496,4809.01,4558.08,1734.36,1787.77,28,2023-09-21
C10916,1266-6132-8106-7201,1571.58,1465.95,102.79,438.57,7,2023-06-16
C10917,7065-0181-4802-4671,2479.83,1727.99,1579.99,6684.95,5,2023-09-14
C10918,4851-7128-5439-8259,183.29,26.1,2113.39,1607.52,12,2024-01-31
C10919,4541-0711-0227-2242,4906.53,4218.88,1580.13,7430.68,21,2024-04-29
C10920,9278-9309-5425-8236,2250.27,821.08,988.4,1310.05,7,2023-10-11
C10921,3053-4537-5247-1206,3988.15,3645.68,669.49,7483.3,16,2023-01-01
C10922,5140-5168-8491-8621,4589.87,2942.99,329.8,12169.74,20,2023-10-26
C10923,1639-4596-4714-1674,208.16,83.76,1748.24,516.13,29,2024-03-01
C10924,0738-1630-1825-4386,475.52,430.68,2550.19,2743.58,15,2024-08-10
C10925,7620-4121-3722-7474,704.64,320.09,2442.99,3920.71,29,2024-11-18
C10926,0553-7249-1368-5125,2401.29,647.47,1354.81,4427.75,10,2024-02-15
C10927,5107-2802-6984-4231,3748.91,2228.57,526.02,8278.33,25,2023-04-18
C10928,5428-3620-8043-8706,4268.61,4226.88,1454.89,2853.75,10,2024-01-30
C10929,4040-7724-8989-7610,4492.64,2812.34,425.78,2461.27,6,2023-04-08
C10930,4697-8469-9399-1866,2895.59,1161.72,634.8,1712.35,13,2024-03-21
C10931,0230-8512-9439-6388,447.22,381.42,273.1,89.39,13,2024-10-08
C10932,3452-1916-3078-3884,4359.22,3288.57,2515.97,3189.69,10,2023-09-28
C10933,7537-1551-2431-8026,1719.62,79.5,2758.99,1394.01,12,2024-08-27
C10934,5095-8852-3193-1473,3457.25,1464.08,609.45,16997.96,7,2024-09-06
C10935,1534-1449-5599-6875,2978.39,2820.55,749.09,4447.66,7,2023-02-28
C10936,3723-4913-3580-6403,3823.24,2231.4,2830.44,2504.16,25,2023-01-15
C10937,5596-4871-8661-2208,641.63,19.64,2177.33,2439.03,4,2023-05-17
C10938,0123-4882-8507-8820,3560.29,3065.75,460.04,1366.68,30,2024-04-25
C10939,9216-2456-3095-9179,4742.71,2947.06,1690.8,11146.9,14,2023-05-16
C10940,7629-4283-2851-7428,3179.26,741.35,1532.1,873,10,2023-09-06
C10941,6614-5100-6079-7390,4996.67,2359.44,635.58,13439.67,4,2023-04-20
C10942,6769-5185-2470-7795,358.81,322.74,996.31,3318.63,19,2023-04-26
C10943,3451-9684-1259-5495,3202.29,13.33,2557.55,230.47,19,2024-05-31
C10944,6181-8232-1955-4186,3700.44,2162.75,2557.74,2898.07,7,2024-11-13
C10945,0545-3969-6523-1523,1341.83,944.68,2006.04,12732.2,27,2023-06-03
C10946,7056-5496-9822-8397,4758.84,2767.33,765.73,8558.1,30,2023-12-19
C10947,5504-2941-2321-0999,890.21,806.77,420.13,3580.63,30,2023-04-02
C10948,6073-7271-8303-7399,1397.25,307.77,2746.15,1700.41,10,2023-10-01
C10949,3742-3937-2465-7398,2861.08,1521.14,581.84,14950.69,20,2024-05-11
C10950,6207-3082-8859-3129,3264.49,1596.95,2424.15,3861.12,4,2023-12-23
C10951,8676-8816-3235-7148,3896.69,2762.33,2646.67,1599.15,17,2023-04-14
C10952,7939-6843-5562-0708,956.83,721.56,571.66,4704.96,1,2023-05-10
C10953,0281-3443-8878-3495,2182.22,1403.46,2265.58,6522.77,23,2023-04-27
C10954,6584-1844-1904-6367,1094.96,556.4,630.07,732.19,17,2024-06-11
C10955,4399-2313-3486-6129,787.62,561.62,837.74,3297.88,23,2024-10-15
C10956,1711-3723-0578-2255,893.67,356.58,944.96,3606.5,27,2023-05-31
C10957,5772-6378-0164-3149,3759.56,3727.88,1891.94,1279.93,23,2024-02-02
C10958,6360-9609-1130-5599,1311.58,1120.57,440.53,1716.36,12,2023-08-23
C10959,7650-1244-1491-0954,3647.24,3372.11,1289.75,4271.54,16,2024-07-25
C10960,1816-0992-9302-5119,2675.98,1800.46,319.31,1973.32,35,2023-12-20
C10961,0546-8743-2147-5677,306.98,138.86,1779.4,673.42,10,2024-03-30
C10962,5532-3476-4868-2131,2589.88,2248.06,556.98,8349.95,28,2023-01-22
C10963,5780-0500-0855-9832,264.88,179.99,1072.62,1405.59,28,2024-12-13
C10964,8216-2967-3798-0542,3863.81,1907.77,890.88,8953.83,29,2024-08-13
C10965,1535-9908-8848-5864,742.29,531.02,1721.12,331.98,19,2023-08-12
C10966,2089-3670-1005-1460,2593.15,1899.81,2042.11,754.53,6,2024-09-09
C10967,5463-2975-1063-6290,393.55,295.45,2972.06,4002.25,5,2024-07-18
C10968,6849-4972-1759-4383,4085.17,2734.08,2324.51,7542,29,2023-05-26
C10969,0932-7546-3888-8675,2966.41,1137.95,1560.54,15353.86,29,2024-05-27
C10970,5206-3643-9744-9770,1025.14,647.02,811.24,1212.09,26,2023-11-06
C10971,1301-3864-2753-0645,1587.91,671.47,2486.68,12098,7,2023-07-18
C10972,9486-0161-1659-8729,4342,641.44,1790.15,1589.65,21,2024-03-30
C10973,2222-4011-2048-8125,933.13,244.73,2085.54,1019.49,24,2024-08-12
C10974,3819-4263-1072-1345,3208.87,256.02,1577.65,5221.54,5,2024-06-05
C10975,3756-0845-9075-9477,4499.7,114.52,189.76,6765.07,4,2023-10-22
C10976,2816-7281-0370-0784,700.04,424.15,702.18,717.47,36,2023-08-23
C10977,4933-2471-5628-3632,3869.17,885.55,567.19,6484.57,25,2024-06-17
C10978,5399-8446-9292-1780,4225.16,1527.27,1296.06,9817.32,23,2023-06-01
C10979,9444-1266-9256-7392,3130.06,1684.96,1721.03,2196.04,17,2024-06-26
C10980,3284-6089-7177-6663,2478.57,1589.75,2855.04,3515.06,14,2024-04-05
C10981,1715-0810-0204-8320,3678.34,3396.45,1865.62,11027.16,24,2023-11-04
C10982,1001-1846-8891-0829,1903.03,1688.85,663.03,3109.61,32,2024-06-08
C10983,0669-6312-8273-7318,2862.16,1900.97,261.16,12673.04,32,2024-04-28
C10984,3490-9756-6500-9310,4548.57,2904.99,1408.4,16035.62,26,2023-01-21
C10985,9527-2109-2069-5895,822.85,524.06,497.93,4191.67,27,2024-05-04
C10986,5977-0256-0377-2242,3946.3,368.21,721.45,17206.96,22,2023-10-21
C10987,4418-7713-5591-0812,2088.85,1472.14,1258.95,14749.23,3,2023-10-16
C10988,0033-1756-5126-3328,1274.86,663.87,1256.57,9576.48,29,2024-05-29
C10989,6460-5894-3369-4129,3745.25,1659.53,2565.84,435.01,11,2023-02-13
C10990,1588-8689-9385-2399,432.22,393.23,2979.65,2507.86,1,2024-11-15
C10991,6977-1801-4477-8357,4097.79,3132.31,833.51,4366.32,28,2024-12-27
C10992,3486-4639-2579-4891,1302.59,1276.91,2505.05,6833.65,12,2024-07-05
C10993,4609-9865-3750-3098,3341.22,2634.5,2803.69,11161.65,34,2023-07-29
C10994,5466-1069-5057-0056,580.21,315.18,265.35,2320.66,30,2023-09-07
C10995,1464-7388-5156-2692,273.96,187.89,120.32,54.16,36,2023-02-12
C10996,4549-0438-3668-6904,1137.48,867.31,2214.57,2635.46,17,2024-06-14
C10997,6016-8380-7941-4540,2411.39,438.5,2755.18,11602.69,13,2023-01-07
C10998,9124-2901-8386-1266,3719.16,1300.65,2308.72,2829.14,6,2023-06-21
C10999,3731-1838-0688-5028,3301.47,2219.34,787.37,153.91,30,2023-10-12
C11000,0497-1649-0619-2293,1773.88,1469.77,1818.55,11524.64,7,2023-01-29
